# ************************************************************
# Sequel Pro SQL dump
# Version 3408
#
# http://www.sequelpro.com/
# http://code.google.com/p/sequel-pro/
#
# Host: 127.0.0.1 (MySQL 5.5.14)
# Database: avaliacao_2011_development
# Generation Time: 2011-10-11 06:37:04 +0000
# ************************************************************


/*!40101 SET @OLD_CHARACTER_SET_CLIENT=@@CHARACTER_SET_CLIENT */;
/*!40101 SET @OLD_CHARACTER_SET_RESULTS=@@CHARACTER_SET_RESULTS */;
/*!40101 SET @OLD_COLLATION_CONNECTION=@@COLLATION_CONNECTION */;
/*!40101 SET NAMES utf8 */;
/*!40014 SET @OLD_FOREIGN_KEY_CHECKS=@@FOREIGN_KEY_CHECKS, FOREIGN_KEY_CHECKS=0 */;
/*!40101 SET @OLD_SQL_MODE=@@SQL_MODE, SQL_MODE='NO_AUTO_VALUE_ON_ZERO' */;
/*!40111 SET @OLD_SQL_NOTES=@@SQL_NOTES, SQL_NOTES=0 */;


# Dump of table active_admin_comments
# ------------------------------------------------------------

DROP TABLE IF EXISTS `active_admin_comments`;

CREATE TABLE `active_admin_comments` (
  `id` int(11) NOT NULL AUTO_INCREMENT,
  `resource_id` int(11) NOT NULL,
  `resource_type` varchar(255) COLLATE utf8_unicode_ci NOT NULL,
  `author_id` int(11) DEFAULT NULL,
  `author_type` varchar(255) COLLATE utf8_unicode_ci DEFAULT NULL,
  `body` text COLLATE utf8_unicode_ci,
  `created_at` datetime DEFAULT NULL,
  `updated_at` datetime DEFAULT NULL,
  `namespace` varchar(255) COLLATE utf8_unicode_ci DEFAULT NULL,
  PRIMARY KEY (`id`),
  KEY `index_admin_notes_on_resource_type_and_resource_id` (`resource_type`,`resource_id`),
  KEY `index_active_admin_comments_on_namespace` (`namespace`),
  KEY `index_active_admin_comments_on_author_type_and_author_id` (`author_type`,`author_id`)
) ENGINE=InnoDB DEFAULT CHARSET=utf8 COLLATE=utf8_unicode_ci;



# Dump of table admin_users
# ------------------------------------------------------------

DROP TABLE IF EXISTS `admin_users`;

CREATE TABLE `admin_users` (
  `id` int(11) NOT NULL AUTO_INCREMENT,
  `email` varchar(255) COLLATE utf8_unicode_ci NOT NULL DEFAULT '',
  `encrypted_password` varchar(128) COLLATE utf8_unicode_ci NOT NULL DEFAULT '',
  `reset_password_token` varchar(255) COLLATE utf8_unicode_ci DEFAULT NULL,
  `reset_password_sent_at` datetime DEFAULT NULL,
  `remember_created_at` datetime DEFAULT NULL,
  `sign_in_count` int(11) DEFAULT '0',
  `current_sign_in_at` datetime DEFAULT NULL,
  `last_sign_in_at` datetime DEFAULT NULL,
  `current_sign_in_ip` varchar(255) COLLATE utf8_unicode_ci DEFAULT NULL,
  `last_sign_in_ip` varchar(255) COLLATE utf8_unicode_ci DEFAULT NULL,
  `created_at` datetime DEFAULT NULL,
  `updated_at` datetime DEFAULT NULL,
  PRIMARY KEY (`id`),
  UNIQUE KEY `index_admin_users_on_email` (`email`),
  UNIQUE KEY `index_admin_users_on_reset_password_token` (`reset_password_token`)
) ENGINE=InnoDB DEFAULT CHARSET=utf8 COLLATE=utf8_unicode_ci;

LOCK TABLES `admin_users` WRITE;
/*!40000 ALTER TABLE `admin_users` DISABLE KEYS */;

INSERT INTO `admin_users` (`id`, `email`, `encrypted_password`, `reset_password_token`, `reset_password_sent_at`, `remember_created_at`, `sign_in_count`, `current_sign_in_at`, `last_sign_in_at`, `current_sign_in_ip`, `last_sign_in_ip`, `created_at`, `updated_at`)
VALUES
	(1,'admin@example.com','$2a$10$KojzSjmDhSyz5/xmFdo45uflSeYzQ7HkYNST3tZ5Hl9sIZbMFGCbG',NULL,NULL,NULL,0,NULL,NULL,NULL,NULL,'2011-10-11 06:33:28','2011-10-11 06:33:28');

/*!40000 ALTER TABLE `admin_users` ENABLE KEYS */;
UNLOCK TABLES;


# Dump of table answers
# ------------------------------------------------------------

DROP TABLE IF EXISTS `answers`;

CREATE TABLE `answers` (
  `id` int(11) NOT NULL AUTO_INCREMENT,
  `do_not_know` int(11) DEFAULT NULL,
  `do_not_answer` int(11) DEFAULT NULL,
  `one` int(11) DEFAULT NULL,
  `two` int(11) DEFAULT NULL,
  `three` int(11) DEFAULT NULL,
  `four` int(11) DEFAULT NULL,
  `five` int(11) DEFAULT NULL,
  `quantity_of_people` int(11) DEFAULT NULL,
  `question_text_id` int(11) DEFAULT NULL,
  `school_id` int(11) DEFAULT NULL,
  `segment_id` int(11) DEFAULT NULL,
  `created_at` datetime DEFAULT NULL,
  `updated_at` datetime DEFAULT NULL,
  PRIMARY KEY (`id`)
) ENGINE=InnoDB DEFAULT CHARSET=utf8 COLLATE=utf8_unicode_ci;



# Dump of table dimension_statuses
# ------------------------------------------------------------

DROP TABLE IF EXISTS `dimension_statuses`;

CREATE TABLE `dimension_statuses` (
  `id` int(11) NOT NULL AUTO_INCREMENT,
  `status` int(11) DEFAULT NULL,
  `dimension_id` int(11) DEFAULT NULL,
  `school_id` int(11) DEFAULT NULL,
  `segment_id` int(11) DEFAULT NULL,
  `created_at` datetime DEFAULT NULL,
  `updated_at` datetime DEFAULT NULL,
  PRIMARY KEY (`id`)
) ENGINE=InnoDB DEFAULT CHARSET=utf8 COLLATE=utf8_unicode_ci;



# Dump of table dimensions
# ------------------------------------------------------------

DROP TABLE IF EXISTS `dimensions`;

CREATE TABLE `dimensions` (
  `id` int(11) NOT NULL AUTO_INCREMENT,
  `name` varchar(255) COLLATE utf8_unicode_ci DEFAULT NULL,
  `number` int(11) DEFAULT NULL,
  `service_level_id` int(11) DEFAULT NULL,
  `created_at` datetime DEFAULT NULL,
  `updated_at` datetime DEFAULT NULL,
  PRIMARY KEY (`id`)
) ENGINE=InnoDB DEFAULT CHARSET=utf8 COLLATE=utf8_unicode_ci;

LOCK TABLES `dimensions` WRITE;
/*!40000 ALTER TABLE `dimensions` DISABLE KEYS */;

INSERT INTO `dimensions` (`id`, `name`, `number`, `service_level_id`, `created_at`, `updated_at`)
VALUES
	(1,'Ambiente educativo',1,1,'2011-10-11 06:33:36','2011-10-11 06:33:36'),
	(2,'Ambiente físico escolar e materiais',2,1,'2011-10-11 06:33:36','2011-10-11 06:33:36'),
	(3,'Planejamento institucional e prática pedagógica',3,1,'2011-10-11 06:33:36','2011-10-11 06:33:36'),
	(4,'Avaliação',4,1,'2011-10-11 06:33:36','2011-10-11 06:33:36'),
	(5,'Acesso e permanência dos educandos na escola',5,1,'2011-10-11 06:33:36','2011-10-11 06:33:36'),
	(6,'Promoção da saúde',6,1,'2011-10-11 06:33:36','2011-10-11 06:33:36'),
	(7,'Educação socioambiental e práticas ecopedagógicas',7,1,'2011-10-11 06:33:36','2011-10-11 06:33:36'),
	(8,'Envolvimento com as famílias e participação na rede de proteção social',8,1,'2011-10-11 06:33:36','2011-10-11 06:33:36'),
	(9,'Gestão escolar democrática',9,1,'2011-10-11 06:33:36','2011-10-11 06:33:36'),
	(10,'Formação e condições de trabalho dos profissionais da escola',10,1,'2011-10-11 06:33:36','2011-10-11 06:33:36'),
	(11,'Ambiente educativo',1,2,'2011-10-11 06:33:36','2011-10-11 06:33:36'),
	(12,'Ambiente físico escolar e materiais',2,2,'2011-10-11 06:33:36','2011-10-11 06:33:36'),
	(13,'Planejamento institucional e prática pedagógica',3,2,'2011-10-11 06:33:36','2011-10-11 06:33:36'),
	(14,'Avaliação',4,2,'2011-10-11 06:33:36','2011-10-11 06:33:36'),
	(15,'Acesso e permanência dos educandos na escola',5,2,'2011-10-11 06:33:36','2011-10-11 06:33:36'),
	(16,'Promoção da saúde',6,2,'2011-10-11 06:33:36','2011-10-11 06:33:36'),
	(17,'Educação socioambiental e práticas ecopedagógicas',7,2,'2011-10-11 06:33:36','2011-10-11 06:33:36'),
	(18,'Envolvimento com as famílias e participação na rede de proteção social',8,2,'2011-10-11 06:33:36','2011-10-11 06:33:36'),
	(19,'Gestão escolar democrática',9,2,'2011-10-11 06:33:36','2011-10-11 06:33:36'),
	(20,'Formação e condições de trabalho dos profissionais da escola',10,2,'2011-10-11 06:33:36','2011-10-11 06:33:36'),
	(21,'Ambiente educativo',1,3,'2011-10-11 06:33:36','2011-10-11 06:33:36'),
	(22,'Ambiente físico escolar e materiais',2,3,'2011-10-11 06:33:36','2011-10-11 06:33:36'),
	(23,'Planejamento institucional e prática pedagógica',3,3,'2011-10-11 06:33:36','2011-10-11 06:33:36'),
	(24,'Avaliação',4,3,'2011-10-11 06:33:36','2011-10-11 06:33:36'),
	(25,'Acesso e permanência dos educandos na escola',5,3,'2011-10-11 06:33:36','2011-10-11 06:33:36'),
	(26,'Promoção da saúde',6,3,'2011-10-11 06:33:36','2011-10-11 06:33:36'),
	(27,'Educação socioambiental e práticas ecopedagógicas',7,3,'2011-10-11 06:33:36','2011-10-11 06:33:36'),
	(28,'Envolvimento com as famílias e participação na rede de proteção social',8,3,'2011-10-11 06:33:36','2011-10-11 06:33:36'),
	(29,'Gestão escolar democrática',9,3,'2011-10-11 06:33:36','2011-10-11 06:33:36'),
	(30,'Formação e condições de trabalho dos profissionais da escola',10,3,'2011-10-11 06:33:36','2011-10-11 06:33:36'),
	(31,'Processos de alfabetização e letramento',11,3,'2011-10-11 06:33:36','2011-10-11 06:33:36'),
	(32,'Ambiente educativo',1,8,'2011-10-11 06:33:36','2011-10-11 06:33:36'),
	(33,'Ambiente físico escolar e materiais',2,8,'2011-10-11 06:33:36','2011-10-11 06:33:36'),
	(34,'Planejamento institucional e prática pedagógica',3,8,'2011-10-11 06:33:36','2011-10-11 06:33:36'),
	(35,'Avaliação',4,8,'2011-10-11 06:33:36','2011-10-11 06:33:36'),
	(36,'Acesso e permanência dos educandos na escola',5,8,'2011-10-11 06:33:36','2011-10-11 06:33:36'),
	(37,'Promoção da saúde',6,8,'2011-10-11 06:33:36','2011-10-11 06:33:36'),
	(38,'Educação socioambiental e práticas ecopedagógicas',7,8,'2011-10-11 06:33:36','2011-10-11 06:33:36'),
	(39,'Envolvimento com as famílias e participação na rede de proteção social',8,8,'2011-10-11 06:33:36','2011-10-11 06:33:36'),
	(40,'Gestão escolar democrática',9,8,'2011-10-11 06:33:36','2011-10-11 06:33:36'),
	(41,'Formação e condições de trabalho dos profissionais da escola',10,8,'2011-10-11 06:33:36','2011-10-11 06:33:36'),
	(42,'Processos de alfabetização e letramento',11,8,'2011-10-11 06:33:36','2011-10-11 06:33:36');

/*!40000 ALTER TABLE `dimensions` ENABLE KEYS */;
UNLOCK TABLES;


# Dump of table indicators
# ------------------------------------------------------------

DROP TABLE IF EXISTS `indicators`;

CREATE TABLE `indicators` (
  `id` int(11) NOT NULL AUTO_INCREMENT,
  `name` varchar(255) COLLATE utf8_unicode_ci DEFAULT NULL,
  `description` varchar(255) COLLATE utf8_unicode_ci DEFAULT NULL,
  `number` int(11) DEFAULT NULL,
  `dimension_id` int(11) DEFAULT NULL,
  `created_at` datetime DEFAULT NULL,
  `updated_at` datetime DEFAULT NULL,
  PRIMARY KEY (`id`)
) ENGINE=InnoDB DEFAULT CHARSET=utf8 COLLATE=utf8_unicode_ci;



# Dump of table password_controls
# ------------------------------------------------------------

DROP TABLE IF EXISTS `password_controls`;

CREATE TABLE `password_controls` (
  `id` int(11) NOT NULL AUTO_INCREMENT,
  `school_id` int(11) DEFAULT NULL,
  `service_level_id` int(11) DEFAULT NULL,
  `passwords_total` int(11) DEFAULT NULL,
  `segment_id` int(11) DEFAULT NULL,
  `created_at` datetime DEFAULT NULL,
  `updated_at` datetime DEFAULT NULL,
  PRIMARY KEY (`id`)
) ENGINE=InnoDB DEFAULT CHARSET=utf8 COLLATE=utf8_unicode_ci;

LOCK TABLES `password_controls` WRITE;
/*!40000 ALTER TABLE `password_controls` DISABLE KEYS */;

INSERT INTO `password_controls` (`id`, `school_id`, `service_level_id`, `passwords_total`, `segment_id`, `created_at`, `updated_at`)
VALUES
	(1,1,2,1,5,'2011-10-11 06:33:43','2011-10-11 06:33:43'),
	(2,1,2,1,6,'2011-10-11 06:33:43','2011-10-11 06:33:43'),
	(3,1,2,1,7,'2011-10-11 06:33:43','2011-10-11 06:33:43'),
	(4,1,2,1,8,'2011-10-11 06:33:43','2011-10-11 06:33:43'),
	(5,2,2,1,5,'2011-10-11 06:33:43','2011-10-11 06:33:43'),
	(6,2,2,1,6,'2011-10-11 06:33:43','2011-10-11 06:33:43'),
	(7,2,2,1,7,'2011-10-11 06:33:43','2011-10-11 06:33:43'),
	(8,2,2,1,8,'2011-10-11 06:33:43','2011-10-11 06:33:43'),
	(9,3,2,1,5,'2011-10-11 06:33:43','2011-10-11 06:33:43'),
	(10,3,2,1,6,'2011-10-11 06:33:43','2011-10-11 06:33:43'),
	(11,3,2,1,7,'2011-10-11 06:33:43','2011-10-11 06:33:43'),
	(12,3,2,1,8,'2011-10-11 06:33:43','2011-10-11 06:33:43'),
	(13,4,2,1,5,'2011-10-11 06:33:43','2011-10-11 06:33:43'),
	(14,4,2,1,6,'2011-10-11 06:33:43','2011-10-11 06:33:43'),
	(15,4,2,1,7,'2011-10-11 06:33:43','2011-10-11 06:33:43'),
	(16,4,2,1,8,'2011-10-11 06:33:43','2011-10-11 06:33:43'),
	(17,5,2,1,5,'2011-10-11 06:33:43','2011-10-11 06:33:43'),
	(18,5,2,1,6,'2011-10-11 06:33:43','2011-10-11 06:33:43'),
	(19,5,2,1,7,'2011-10-11 06:33:43','2011-10-11 06:33:43'),
	(20,5,2,1,8,'2011-10-11 06:33:43','2011-10-11 06:33:43'),
	(21,6,2,1,5,'2011-10-11 06:33:43','2011-10-11 06:33:43'),
	(22,6,2,1,6,'2011-10-11 06:33:43','2011-10-11 06:33:43'),
	(23,6,2,1,7,'2011-10-11 06:33:43','2011-10-11 06:33:43'),
	(24,6,2,1,8,'2011-10-11 06:33:43','2011-10-11 06:33:43'),
	(25,7,3,1,9,'2011-10-11 06:33:43','2011-10-11 06:33:43'),
	(26,7,3,1,10,'2011-10-11 06:33:43','2011-10-11 06:33:43'),
	(27,7,3,1,11,'2011-10-11 06:33:43','2011-10-11 06:33:43'),
	(28,7,2,1,12,'2011-10-11 06:33:43','2011-10-11 06:33:43'),
	(29,7,3,1,12,'2011-10-11 06:33:43','2011-10-11 06:33:43'),
	(30,7,3,1,13,'2011-10-11 06:33:43','2011-10-11 06:33:43'),
	(31,8,2,1,5,'2011-10-11 06:33:43','2011-10-11 06:33:43'),
	(32,8,2,1,6,'2011-10-11 06:33:43','2011-10-11 06:33:43'),
	(33,8,2,1,7,'2011-10-11 06:33:43','2011-10-11 06:33:43'),
	(34,8,2,1,8,'2011-10-11 06:33:43','2011-10-11 06:33:43'),
	(35,9,3,1,9,'2011-10-11 06:33:43','2011-10-11 06:33:43'),
	(36,9,3,1,10,'2011-10-11 06:33:43','2011-10-11 06:33:43'),
	(37,9,3,1,11,'2011-10-11 06:33:43','2011-10-11 06:33:43'),
	(38,9,2,1,12,'2011-10-11 06:33:43','2011-10-11 06:33:43'),
	(39,9,3,1,12,'2011-10-11 06:33:43','2011-10-11 06:33:43'),
	(40,9,3,1,13,'2011-10-11 06:33:43','2011-10-11 06:33:43'),
	(41,10,3,1,9,'2011-10-11 06:33:43','2011-10-11 06:33:43'),
	(42,10,3,1,10,'2011-10-11 06:33:43','2011-10-11 06:33:43'),
	(43,10,3,1,11,'2011-10-11 06:33:43','2011-10-11 06:33:43'),
	(44,10,2,1,12,'2011-10-11 06:33:43','2011-10-11 06:33:43'),
	(45,10,3,1,12,'2011-10-11 06:33:43','2011-10-11 06:33:43'),
	(46,10,3,1,13,'2011-10-11 06:33:43','2011-10-11 06:33:43'),
	(47,11,2,1,5,'2011-10-11 06:33:43','2011-10-11 06:33:43'),
	(48,11,2,1,6,'2011-10-11 06:33:43','2011-10-11 06:33:43'),
	(49,11,2,1,7,'2011-10-11 06:33:43','2011-10-11 06:33:43'),
	(50,11,2,1,8,'2011-10-11 06:33:43','2011-10-11 06:33:43'),
	(51,12,2,1,5,'2011-10-11 06:33:43','2011-10-11 06:33:43'),
	(52,12,2,1,6,'2011-10-11 06:33:43','2011-10-11 06:33:43'),
	(53,12,2,1,7,'2011-10-11 06:33:43','2011-10-11 06:33:43'),
	(54,12,2,1,8,'2011-10-11 06:33:43','2011-10-11 06:33:43'),
	(55,13,2,1,5,'2011-10-11 06:33:43','2011-10-11 06:33:43'),
	(56,13,2,1,6,'2011-10-11 06:33:43','2011-10-11 06:33:43'),
	(57,13,2,1,7,'2011-10-11 06:33:43','2011-10-11 06:33:43'),
	(58,13,2,1,8,'2011-10-11 06:33:43','2011-10-11 06:33:43'),
	(59,14,2,1,5,'2011-10-11 06:33:43','2011-10-11 06:33:43'),
	(60,14,2,1,6,'2011-10-11 06:33:43','2011-10-11 06:33:43'),
	(61,14,2,1,7,'2011-10-11 06:33:43','2011-10-11 06:33:43'),
	(62,14,2,1,8,'2011-10-11 06:33:43','2011-10-11 06:33:43'),
	(63,15,2,1,5,'2011-10-11 06:33:43','2011-10-11 06:33:43'),
	(64,15,2,1,6,'2011-10-11 06:33:43','2011-10-11 06:33:43'),
	(65,15,2,1,7,'2011-10-11 06:33:43','2011-10-11 06:33:43'),
	(66,15,2,1,8,'2011-10-11 06:33:43','2011-10-11 06:33:43'),
	(67,16,2,1,5,'2011-10-11 06:33:43','2011-10-11 06:33:43'),
	(68,16,2,1,6,'2011-10-11 06:33:43','2011-10-11 06:33:43'),
	(69,16,2,1,7,'2011-10-11 06:33:43','2011-10-11 06:33:43'),
	(70,16,2,1,8,'2011-10-11 06:33:43','2011-10-11 06:33:43'),
	(71,17,2,1,5,'2011-10-11 06:33:43','2011-10-11 06:33:43'),
	(72,17,2,1,6,'2011-10-11 06:33:43','2011-10-11 06:33:43'),
	(73,17,2,1,7,'2011-10-11 06:33:43','2011-10-11 06:33:43'),
	(74,17,2,1,8,'2011-10-11 06:33:43','2011-10-11 06:33:43'),
	(75,18,2,1,5,'2011-10-11 06:33:43','2011-10-11 06:33:43'),
	(76,18,2,1,6,'2011-10-11 06:33:43','2011-10-11 06:33:43'),
	(77,18,2,1,7,'2011-10-11 06:33:43','2011-10-11 06:33:43'),
	(78,18,2,1,8,'2011-10-11 06:33:43','2011-10-11 06:33:43'),
	(79,19,2,1,5,'2011-10-11 06:33:43','2011-10-11 06:33:43'),
	(80,19,2,1,6,'2011-10-11 06:33:43','2011-10-11 06:33:43'),
	(81,19,2,1,7,'2011-10-11 06:33:43','2011-10-11 06:33:43'),
	(82,19,2,1,8,'2011-10-11 06:33:43','2011-10-11 06:33:43'),
	(83,20,2,1,5,'2011-10-11 06:33:43','2011-10-11 06:33:43'),
	(84,20,2,1,6,'2011-10-11 06:33:43','2011-10-11 06:33:43'),
	(85,20,2,1,7,'2011-10-11 06:33:43','2011-10-11 06:33:43'),
	(86,20,2,1,8,'2011-10-11 06:33:43','2011-10-11 06:33:43'),
	(87,21,2,1,5,'2011-10-11 06:33:43','2011-10-11 06:33:43'),
	(88,21,2,1,6,'2011-10-11 06:33:43','2011-10-11 06:33:43'),
	(89,21,2,1,7,'2011-10-11 06:33:43','2011-10-11 06:33:43'),
	(90,21,2,1,8,'2011-10-11 06:33:43','2011-10-11 06:33:43'),
	(91,22,2,1,5,'2011-10-11 06:33:43','2011-10-11 06:33:43'),
	(92,22,2,1,6,'2011-10-11 06:33:43','2011-10-11 06:33:43'),
	(93,22,2,1,7,'2011-10-11 06:33:43','2011-10-11 06:33:43'),
	(94,22,2,1,8,'2011-10-11 06:33:43','2011-10-11 06:33:43'),
	(95,23,2,1,5,'2011-10-11 06:33:43','2011-10-11 06:33:43'),
	(96,23,2,1,6,'2011-10-11 06:33:43','2011-10-11 06:33:43'),
	(97,23,2,1,7,'2011-10-11 06:33:43','2011-10-11 06:33:43'),
	(98,23,2,1,8,'2011-10-11 06:33:43','2011-10-11 06:33:43'),
	(99,24,2,1,5,'2011-10-11 06:33:43','2011-10-11 06:33:43'),
	(100,24,2,1,6,'2011-10-11 06:33:43','2011-10-11 06:33:43'),
	(101,24,2,1,7,'2011-10-11 06:33:43','2011-10-11 06:33:43'),
	(102,24,2,1,8,'2011-10-11 06:33:43','2011-10-11 06:33:43'),
	(103,25,2,1,5,'2011-10-11 06:33:43','2011-10-11 06:33:43'),
	(104,25,2,1,6,'2011-10-11 06:33:43','2011-10-11 06:33:43'),
	(105,25,2,1,7,'2011-10-11 06:33:43','2011-10-11 06:33:43'),
	(106,25,2,1,8,'2011-10-11 06:33:43','2011-10-11 06:33:43'),
	(107,26,2,1,5,'2011-10-11 06:33:43','2011-10-11 06:33:43'),
	(108,26,2,1,6,'2011-10-11 06:33:43','2011-10-11 06:33:43'),
	(109,26,2,1,7,'2011-10-11 06:33:43','2011-10-11 06:33:43'),
	(110,26,2,1,8,'2011-10-11 06:33:43','2011-10-11 06:33:43'),
	(111,27,2,1,5,'2011-10-11 06:33:43','2011-10-11 06:33:43'),
	(112,27,2,1,6,'2011-10-11 06:33:43','2011-10-11 06:33:43'),
	(113,27,2,1,7,'2011-10-11 06:33:43','2011-10-11 06:33:43'),
	(114,27,2,1,8,'2011-10-11 06:33:43','2011-10-11 06:33:43'),
	(115,28,2,1,5,'2011-10-11 06:33:43','2011-10-11 06:33:43'),
	(116,28,2,1,6,'2011-10-11 06:33:43','2011-10-11 06:33:43'),
	(117,28,2,1,7,'2011-10-11 06:33:43','2011-10-11 06:33:43'),
	(118,28,2,1,8,'2011-10-11 06:33:43','2011-10-11 06:33:43'),
	(119,29,2,1,5,'2011-10-11 06:33:43','2011-10-11 06:33:43'),
	(120,29,2,1,6,'2011-10-11 06:33:43','2011-10-11 06:33:43'),
	(121,29,2,1,7,'2011-10-11 06:33:43','2011-10-11 06:33:43'),
	(122,29,2,1,8,'2011-10-11 06:33:43','2011-10-11 06:33:43'),
	(123,30,2,1,5,'2011-10-11 06:33:43','2011-10-11 06:33:43'),
	(124,30,2,1,6,'2011-10-11 06:33:43','2011-10-11 06:33:43'),
	(125,30,2,1,7,'2011-10-11 06:33:43','2011-10-11 06:33:43'),
	(126,30,2,1,8,'2011-10-11 06:33:43','2011-10-11 06:33:43'),
	(127,31,2,1,5,'2011-10-11 06:33:43','2011-10-11 06:33:43'),
	(128,31,2,1,6,'2011-10-11 06:33:43','2011-10-11 06:33:43'),
	(129,31,2,1,7,'2011-10-11 06:33:43','2011-10-11 06:33:43'),
	(130,31,2,1,8,'2011-10-11 06:33:43','2011-10-11 06:33:43'),
	(131,32,2,1,5,'2011-10-11 06:33:43','2011-10-11 06:33:43'),
	(132,32,2,1,6,'2011-10-11 06:33:43','2011-10-11 06:33:43'),
	(133,32,2,1,7,'2011-10-11 06:33:43','2011-10-11 06:33:43'),
	(134,32,2,1,8,'2011-10-11 06:33:43','2011-10-11 06:33:43'),
	(135,33,2,1,5,'2011-10-11 06:33:43','2011-10-11 06:33:43'),
	(136,33,2,1,6,'2011-10-11 06:33:43','2011-10-11 06:33:43'),
	(137,33,2,1,7,'2011-10-11 06:33:43','2011-10-11 06:33:43'),
	(138,33,2,1,8,'2011-10-11 06:33:43','2011-10-11 06:33:43'),
	(139,34,2,1,5,'2011-10-11 06:33:43','2011-10-11 06:33:43'),
	(140,34,2,1,6,'2011-10-11 06:33:43','2011-10-11 06:33:43'),
	(141,34,2,1,7,'2011-10-11 06:33:43','2011-10-11 06:33:43'),
	(142,34,2,1,8,'2011-10-11 06:33:43','2011-10-11 06:33:43'),
	(143,35,2,1,5,'2011-10-11 06:33:43','2011-10-11 06:33:43'),
	(144,35,2,1,6,'2011-10-11 06:33:43','2011-10-11 06:33:43'),
	(145,35,2,1,7,'2011-10-11 06:33:43','2011-10-11 06:33:43'),
	(146,35,2,1,8,'2011-10-11 06:33:43','2011-10-11 06:33:43'),
	(147,36,2,1,5,'2011-10-11 06:33:43','2011-10-11 06:33:43'),
	(148,36,2,1,6,'2011-10-11 06:33:43','2011-10-11 06:33:43'),
	(149,36,2,1,7,'2011-10-11 06:33:43','2011-10-11 06:33:43'),
	(150,36,2,1,8,'2011-10-11 06:33:43','2011-10-11 06:33:43'),
	(151,37,2,1,5,'2011-10-11 06:33:43','2011-10-11 06:33:43'),
	(152,37,2,1,6,'2011-10-11 06:33:43','2011-10-11 06:33:43'),
	(153,37,2,1,7,'2011-10-11 06:33:43','2011-10-11 06:33:43'),
	(154,37,2,1,8,'2011-10-11 06:33:43','2011-10-11 06:33:43'),
	(155,38,2,1,5,'2011-10-11 06:33:43','2011-10-11 06:33:43'),
	(156,38,2,1,6,'2011-10-11 06:33:43','2011-10-11 06:33:43'),
	(157,38,2,1,7,'2011-10-11 06:33:43','2011-10-11 06:33:43'),
	(158,38,2,1,8,'2011-10-11 06:33:43','2011-10-11 06:33:43'),
	(159,39,2,1,5,'2011-10-11 06:33:43','2011-10-11 06:33:43'),
	(160,39,2,1,6,'2011-10-11 06:33:43','2011-10-11 06:33:43'),
	(161,39,2,1,7,'2011-10-11 06:33:43','2011-10-11 06:33:43'),
	(162,39,2,1,8,'2011-10-11 06:33:43','2011-10-11 06:33:43'),
	(163,40,2,1,5,'2011-10-11 06:33:43','2011-10-11 06:33:43'),
	(164,40,2,1,6,'2011-10-11 06:33:43','2011-10-11 06:33:43'),
	(165,40,2,1,7,'2011-10-11 06:33:43','2011-10-11 06:33:43'),
	(166,40,2,1,8,'2011-10-11 06:33:43','2011-10-11 06:33:43'),
	(167,41,2,1,5,'2011-10-11 06:33:43','2011-10-11 06:33:43'),
	(168,41,2,1,6,'2011-10-11 06:33:43','2011-10-11 06:33:43'),
	(169,41,2,1,7,'2011-10-11 06:33:43','2011-10-11 06:33:43'),
	(170,41,2,1,8,'2011-10-11 06:33:43','2011-10-11 06:33:43'),
	(171,42,2,1,5,'2011-10-11 06:33:43','2011-10-11 06:33:43'),
	(172,42,2,1,6,'2011-10-11 06:33:43','2011-10-11 06:33:43'),
	(173,42,2,1,7,'2011-10-11 06:33:43','2011-10-11 06:33:43'),
	(174,42,2,1,8,'2011-10-11 06:33:43','2011-10-11 06:33:43'),
	(175,43,2,1,5,'2011-10-11 06:33:43','2011-10-11 06:33:43'),
	(176,43,2,1,6,'2011-10-11 06:33:43','2011-10-11 06:33:43'),
	(177,43,2,1,7,'2011-10-11 06:33:43','2011-10-11 06:33:43'),
	(178,43,2,1,8,'2011-10-11 06:33:43','2011-10-11 06:33:43'),
	(179,44,2,1,5,'2011-10-11 06:33:43','2011-10-11 06:33:43'),
	(180,44,2,1,6,'2011-10-11 06:33:43','2011-10-11 06:33:43'),
	(181,44,2,1,7,'2011-10-11 06:33:43','2011-10-11 06:33:43'),
	(182,44,2,1,8,'2011-10-11 06:33:43','2011-10-11 06:33:43'),
	(183,45,2,1,5,'2011-10-11 06:33:43','2011-10-11 06:33:43'),
	(184,45,2,1,6,'2011-10-11 06:33:43','2011-10-11 06:33:43'),
	(185,45,2,1,7,'2011-10-11 06:33:43','2011-10-11 06:33:43'),
	(186,45,2,1,8,'2011-10-11 06:33:43','2011-10-11 06:33:43'),
	(187,46,2,1,5,'2011-10-11 06:33:43','2011-10-11 06:33:43'),
	(188,46,2,1,6,'2011-10-11 06:33:43','2011-10-11 06:33:43'),
	(189,46,2,1,7,'2011-10-11 06:33:43','2011-10-11 06:33:43'),
	(190,46,2,1,8,'2011-10-11 06:33:43','2011-10-11 06:33:43'),
	(191,47,2,1,5,'2011-10-11 06:33:43','2011-10-11 06:33:43'),
	(192,47,2,1,6,'2011-10-11 06:33:43','2011-10-11 06:33:43'),
	(193,47,2,1,7,'2011-10-11 06:33:43','2011-10-11 06:33:43'),
	(194,47,2,1,8,'2011-10-11 06:33:43','2011-10-11 06:33:43'),
	(195,48,2,1,5,'2011-10-11 06:33:43','2011-10-11 06:33:43'),
	(196,48,2,1,6,'2011-10-11 06:33:43','2011-10-11 06:33:43'),
	(197,48,2,1,7,'2011-10-11 06:33:44','2011-10-11 06:33:44'),
	(198,48,2,1,8,'2011-10-11 06:33:44','2011-10-11 06:33:44'),
	(199,49,2,1,5,'2011-10-11 06:33:44','2011-10-11 06:33:44'),
	(200,49,2,1,6,'2011-10-11 06:33:44','2011-10-11 06:33:44'),
	(201,49,2,1,7,'2011-10-11 06:33:44','2011-10-11 06:33:44'),
	(202,49,2,1,8,'2011-10-11 06:33:44','2011-10-11 06:33:44'),
	(203,50,2,1,5,'2011-10-11 06:33:44','2011-10-11 06:33:44'),
	(204,50,2,1,6,'2011-10-11 06:33:44','2011-10-11 06:33:44'),
	(205,50,2,1,7,'2011-10-11 06:33:44','2011-10-11 06:33:44'),
	(206,50,2,1,8,'2011-10-11 06:33:44','2011-10-11 06:33:44'),
	(207,51,2,1,5,'2011-10-11 06:33:44','2011-10-11 06:33:44'),
	(208,51,2,1,6,'2011-10-11 06:33:44','2011-10-11 06:33:44'),
	(209,51,2,1,7,'2011-10-11 06:33:44','2011-10-11 06:33:44'),
	(210,51,2,1,8,'2011-10-11 06:33:44','2011-10-11 06:33:44'),
	(211,52,2,1,5,'2011-10-11 06:33:44','2011-10-11 06:33:44'),
	(212,52,2,1,6,'2011-10-11 06:33:44','2011-10-11 06:33:44'),
	(213,52,2,1,7,'2011-10-11 06:33:44','2011-10-11 06:33:44'),
	(214,52,2,1,8,'2011-10-11 06:33:44','2011-10-11 06:33:44'),
	(215,53,2,1,5,'2011-10-11 06:33:44','2011-10-11 06:33:44'),
	(216,53,2,1,6,'2011-10-11 06:33:44','2011-10-11 06:33:44'),
	(217,53,2,1,7,'2011-10-11 06:33:44','2011-10-11 06:33:44'),
	(218,53,2,1,8,'2011-10-11 06:33:44','2011-10-11 06:33:44'),
	(219,54,2,1,5,'2011-10-11 06:33:44','2011-10-11 06:33:44'),
	(220,54,2,1,6,'2011-10-11 06:33:44','2011-10-11 06:33:44'),
	(221,54,2,1,7,'2011-10-11 06:33:44','2011-10-11 06:33:44'),
	(222,54,2,1,8,'2011-10-11 06:33:44','2011-10-11 06:33:44'),
	(223,55,2,1,5,'2011-10-11 06:33:44','2011-10-11 06:33:44'),
	(224,55,2,1,6,'2011-10-11 06:33:44','2011-10-11 06:33:44'),
	(225,55,2,1,7,'2011-10-11 06:33:44','2011-10-11 06:33:44'),
	(226,55,2,1,8,'2011-10-11 06:33:44','2011-10-11 06:33:44'),
	(227,56,2,1,5,'2011-10-11 06:33:44','2011-10-11 06:33:44'),
	(228,56,2,1,6,'2011-10-11 06:33:44','2011-10-11 06:33:44'),
	(229,56,2,1,7,'2011-10-11 06:33:44','2011-10-11 06:33:44'),
	(230,56,2,1,8,'2011-10-11 06:33:44','2011-10-11 06:33:44'),
	(231,57,2,1,5,'2011-10-11 06:33:44','2011-10-11 06:33:44'),
	(232,57,2,1,6,'2011-10-11 06:33:44','2011-10-11 06:33:44'),
	(233,57,2,1,7,'2011-10-11 06:33:44','2011-10-11 06:33:44'),
	(234,57,2,1,8,'2011-10-11 06:33:44','2011-10-11 06:33:44'),
	(235,58,2,1,5,'2011-10-11 06:33:44','2011-10-11 06:33:44'),
	(236,58,2,1,6,'2011-10-11 06:33:44','2011-10-11 06:33:44'),
	(237,58,2,1,7,'2011-10-11 06:33:44','2011-10-11 06:33:44'),
	(238,58,2,1,8,'2011-10-11 06:33:44','2011-10-11 06:33:44'),
	(239,59,2,1,5,'2011-10-11 06:33:44','2011-10-11 06:33:44'),
	(240,59,2,1,6,'2011-10-11 06:33:44','2011-10-11 06:33:44'),
	(241,59,2,1,7,'2011-10-11 06:33:44','2011-10-11 06:33:44'),
	(242,59,2,1,8,'2011-10-11 06:33:44','2011-10-11 06:33:44'),
	(243,60,2,1,5,'2011-10-11 06:33:44','2011-10-11 06:33:44'),
	(244,60,2,1,6,'2011-10-11 06:33:44','2011-10-11 06:33:44'),
	(245,60,2,1,7,'2011-10-11 06:33:44','2011-10-11 06:33:44'),
	(246,60,2,1,8,'2011-10-11 06:33:44','2011-10-11 06:33:44'),
	(247,61,2,1,5,'2011-10-11 06:33:44','2011-10-11 06:33:44'),
	(248,61,2,1,6,'2011-10-11 06:33:44','2011-10-11 06:33:44'),
	(249,61,2,1,7,'2011-10-11 06:33:44','2011-10-11 06:33:44'),
	(250,61,2,1,8,'2011-10-11 06:33:44','2011-10-11 06:33:44'),
	(251,62,2,1,5,'2011-10-11 06:33:44','2011-10-11 06:33:44'),
	(252,62,2,1,6,'2011-10-11 06:33:44','2011-10-11 06:33:44'),
	(253,62,2,1,7,'2011-10-11 06:33:44','2011-10-11 06:33:44'),
	(254,62,2,1,8,'2011-10-11 06:33:44','2011-10-11 06:33:44'),
	(255,63,2,1,5,'2011-10-11 06:33:44','2011-10-11 06:33:44'),
	(256,63,2,1,6,'2011-10-11 06:33:44','2011-10-11 06:33:44'),
	(257,63,2,1,7,'2011-10-11 06:33:44','2011-10-11 06:33:44'),
	(258,63,2,1,8,'2011-10-11 06:33:44','2011-10-11 06:33:44'),
	(259,64,2,1,5,'2011-10-11 06:33:44','2011-10-11 06:33:44'),
	(260,64,2,1,6,'2011-10-11 06:33:44','2011-10-11 06:33:44'),
	(261,64,2,1,7,'2011-10-11 06:33:44','2011-10-11 06:33:44'),
	(262,64,2,1,8,'2011-10-11 06:33:44','2011-10-11 06:33:44'),
	(263,65,2,1,5,'2011-10-11 06:33:44','2011-10-11 06:33:44'),
	(264,65,2,1,6,'2011-10-11 06:33:44','2011-10-11 06:33:44'),
	(265,65,2,1,7,'2011-10-11 06:33:44','2011-10-11 06:33:44'),
	(266,65,2,1,8,'2011-10-11 06:33:44','2011-10-11 06:33:44'),
	(267,66,2,1,5,'2011-10-11 06:33:44','2011-10-11 06:33:44'),
	(268,66,2,1,6,'2011-10-11 06:33:44','2011-10-11 06:33:44'),
	(269,66,2,1,7,'2011-10-11 06:33:44','2011-10-11 06:33:44'),
	(270,66,2,1,8,'2011-10-11 06:33:44','2011-10-11 06:33:44'),
	(271,67,2,1,5,'2011-10-11 06:33:44','2011-10-11 06:33:44'),
	(272,67,2,1,6,'2011-10-11 06:33:44','2011-10-11 06:33:44'),
	(273,67,2,1,7,'2011-10-11 06:33:44','2011-10-11 06:33:44'),
	(274,67,2,1,8,'2011-10-11 06:33:44','2011-10-11 06:33:44'),
	(275,68,2,1,5,'2011-10-11 06:33:44','2011-10-11 06:33:44'),
	(276,68,2,1,6,'2011-10-11 06:33:44','2011-10-11 06:33:44'),
	(277,68,2,1,7,'2011-10-11 06:33:44','2011-10-11 06:33:44'),
	(278,68,2,1,8,'2011-10-11 06:33:44','2011-10-11 06:33:44'),
	(279,69,2,1,5,'2011-10-11 06:33:44','2011-10-11 06:33:44'),
	(280,69,2,1,6,'2011-10-11 06:33:44','2011-10-11 06:33:44'),
	(281,69,2,1,7,'2011-10-11 06:33:44','2011-10-11 06:33:44'),
	(282,69,2,1,8,'2011-10-11 06:33:44','2011-10-11 06:33:44'),
	(283,70,2,1,5,'2011-10-11 06:33:44','2011-10-11 06:33:44'),
	(284,70,2,1,6,'2011-10-11 06:33:44','2011-10-11 06:33:44'),
	(285,70,2,1,7,'2011-10-11 06:33:44','2011-10-11 06:33:44'),
	(286,70,2,1,8,'2011-10-11 06:33:44','2011-10-11 06:33:44'),
	(287,71,2,1,5,'2011-10-11 06:33:44','2011-10-11 06:33:44'),
	(288,71,2,1,6,'2011-10-11 06:33:44','2011-10-11 06:33:44'),
	(289,71,2,1,7,'2011-10-11 06:33:44','2011-10-11 06:33:44'),
	(290,71,2,1,8,'2011-10-11 06:33:44','2011-10-11 06:33:44'),
	(291,72,2,1,5,'2011-10-11 06:33:44','2011-10-11 06:33:44'),
	(292,72,2,1,6,'2011-10-11 06:33:44','2011-10-11 06:33:44'),
	(293,72,2,1,7,'2011-10-11 06:33:44','2011-10-11 06:33:44'),
	(294,72,2,1,8,'2011-10-11 06:33:44','2011-10-11 06:33:44'),
	(295,73,2,1,5,'2011-10-11 06:33:44','2011-10-11 06:33:44'),
	(296,73,2,1,6,'2011-10-11 06:33:44','2011-10-11 06:33:44'),
	(297,73,2,1,7,'2011-10-11 06:33:44','2011-10-11 06:33:44'),
	(298,73,2,1,8,'2011-10-11 06:33:44','2011-10-11 06:33:44'),
	(299,74,2,1,5,'2011-10-11 06:33:44','2011-10-11 06:33:44'),
	(300,74,2,1,6,'2011-10-11 06:33:44','2011-10-11 06:33:44'),
	(301,74,2,1,7,'2011-10-11 06:33:44','2011-10-11 06:33:44'),
	(302,74,2,1,8,'2011-10-11 06:33:44','2011-10-11 06:33:44'),
	(303,75,3,1,9,'2011-10-11 06:33:44','2011-10-11 06:33:44'),
	(304,75,3,1,10,'2011-10-11 06:33:44','2011-10-11 06:33:44'),
	(305,75,3,1,11,'2011-10-11 06:33:44','2011-10-11 06:33:44'),
	(306,75,2,1,12,'2011-10-11 06:33:44','2011-10-11 06:33:44'),
	(307,75,3,1,12,'2011-10-11 06:33:44','2011-10-11 06:33:44'),
	(308,75,3,1,13,'2011-10-11 06:33:44','2011-10-11 06:33:44'),
	(309,76,3,1,9,'2011-10-11 06:33:44','2011-10-11 06:33:44'),
	(310,76,3,1,10,'2011-10-11 06:33:44','2011-10-11 06:33:44'),
	(311,76,3,1,11,'2011-10-11 06:33:44','2011-10-11 06:33:44'),
	(312,76,2,1,12,'2011-10-11 06:33:44','2011-10-11 06:33:44'),
	(313,76,3,1,12,'2011-10-11 06:33:44','2011-10-11 06:33:44'),
	(314,76,3,1,13,'2011-10-11 06:33:44','2011-10-11 06:33:44'),
	(315,77,3,1,9,'2011-10-11 06:33:44','2011-10-11 06:33:44'),
	(316,77,3,1,10,'2011-10-11 06:33:44','2011-10-11 06:33:44'),
	(317,77,3,1,11,'2011-10-11 06:33:44','2011-10-11 06:33:44'),
	(318,77,2,1,12,'2011-10-11 06:33:44','2011-10-11 06:33:44'),
	(319,77,3,1,12,'2011-10-11 06:33:44','2011-10-11 06:33:44'),
	(320,77,3,1,13,'2011-10-11 06:33:44','2011-10-11 06:33:44'),
	(321,78,3,1,9,'2011-10-11 06:33:44','2011-10-11 06:33:44'),
	(322,78,3,1,10,'2011-10-11 06:33:44','2011-10-11 06:33:44'),
	(323,78,3,1,11,'2011-10-11 06:33:44','2011-10-11 06:33:44'),
	(324,78,2,1,12,'2011-10-11 06:33:44','2011-10-11 06:33:44'),
	(325,78,3,1,12,'2011-10-11 06:33:44','2011-10-11 06:33:44'),
	(326,78,3,1,13,'2011-10-11 06:33:44','2011-10-11 06:33:44'),
	(327,79,3,1,9,'2011-10-11 06:33:44','2011-10-11 06:33:44'),
	(328,79,3,1,10,'2011-10-11 06:33:44','2011-10-11 06:33:44'),
	(329,79,3,1,11,'2011-10-11 06:33:44','2011-10-11 06:33:44'),
	(330,79,2,1,12,'2011-10-11 06:33:44','2011-10-11 06:33:44'),
	(331,79,3,1,12,'2011-10-11 06:33:44','2011-10-11 06:33:44'),
	(332,79,3,1,13,'2011-10-11 06:33:44','2011-10-11 06:33:44'),
	(333,80,3,1,9,'2011-10-11 06:33:44','2011-10-11 06:33:44'),
	(334,80,3,1,10,'2011-10-11 06:33:44','2011-10-11 06:33:44'),
	(335,80,3,1,11,'2011-10-11 06:33:44','2011-10-11 06:33:44'),
	(336,80,2,1,12,'2011-10-11 06:33:44','2011-10-11 06:33:44'),
	(337,80,3,1,12,'2011-10-11 06:33:44','2011-10-11 06:33:44'),
	(338,80,3,1,13,'2011-10-11 06:33:44','2011-10-11 06:33:44'),
	(339,81,3,1,9,'2011-10-11 06:33:44','2011-10-11 06:33:44'),
	(340,81,3,1,10,'2011-10-11 06:33:44','2011-10-11 06:33:44'),
	(341,81,3,1,11,'2011-10-11 06:33:44','2011-10-11 06:33:44'),
	(342,81,2,1,12,'2011-10-11 06:33:44','2011-10-11 06:33:44'),
	(343,81,3,1,12,'2011-10-11 06:33:44','2011-10-11 06:33:44'),
	(344,81,3,1,13,'2011-10-11 06:33:44','2011-10-11 06:33:44'),
	(345,82,3,1,9,'2011-10-11 06:33:44','2011-10-11 06:33:44'),
	(346,82,3,1,10,'2011-10-11 06:33:44','2011-10-11 06:33:44'),
	(347,82,3,1,11,'2011-10-11 06:33:44','2011-10-11 06:33:44'),
	(348,82,2,1,12,'2011-10-11 06:33:44','2011-10-11 06:33:44'),
	(349,82,3,1,12,'2011-10-11 06:33:44','2011-10-11 06:33:44'),
	(350,82,3,1,13,'2011-10-11 06:33:44','2011-10-11 06:33:44'),
	(351,83,3,1,9,'2011-10-11 06:33:44','2011-10-11 06:33:44'),
	(352,83,3,1,10,'2011-10-11 06:33:44','2011-10-11 06:33:44'),
	(353,83,3,1,11,'2011-10-11 06:33:44','2011-10-11 06:33:44'),
	(354,83,2,1,12,'2011-10-11 06:33:44','2011-10-11 06:33:44'),
	(355,83,3,1,12,'2011-10-11 06:33:44','2011-10-11 06:33:44'),
	(356,83,3,1,13,'2011-10-11 06:33:44','2011-10-11 06:33:44'),
	(357,84,3,1,9,'2011-10-11 06:33:44','2011-10-11 06:33:44'),
	(358,84,3,1,10,'2011-10-11 06:33:44','2011-10-11 06:33:44'),
	(359,84,3,1,11,'2011-10-11 06:33:44','2011-10-11 06:33:44'),
	(360,84,2,1,12,'2011-10-11 06:33:44','2011-10-11 06:33:44'),
	(361,84,3,1,12,'2011-10-11 06:33:44','2011-10-11 06:33:44'),
	(362,84,3,1,13,'2011-10-11 06:33:44','2011-10-11 06:33:44'),
	(363,85,3,1,9,'2011-10-11 06:33:44','2011-10-11 06:33:44'),
	(364,85,3,1,10,'2011-10-11 06:33:44','2011-10-11 06:33:44'),
	(365,85,3,1,11,'2011-10-11 06:33:44','2011-10-11 06:33:44'),
	(366,85,2,1,12,'2011-10-11 06:33:44','2011-10-11 06:33:44'),
	(367,85,3,1,12,'2011-10-11 06:33:44','2011-10-11 06:33:44'),
	(368,85,3,1,13,'2011-10-11 06:33:44','2011-10-11 06:33:44'),
	(369,86,3,1,9,'2011-10-11 06:33:44','2011-10-11 06:33:44'),
	(370,86,3,1,10,'2011-10-11 06:33:44','2011-10-11 06:33:44'),
	(371,86,3,1,11,'2011-10-11 06:33:44','2011-10-11 06:33:44'),
	(372,86,2,1,12,'2011-10-11 06:33:44','2011-10-11 06:33:44'),
	(373,86,3,1,12,'2011-10-11 06:33:44','2011-10-11 06:33:44'),
	(374,86,3,1,13,'2011-10-11 06:33:44','2011-10-11 06:33:44'),
	(375,87,3,1,9,'2011-10-11 06:33:44','2011-10-11 06:33:44'),
	(376,87,3,1,10,'2011-10-11 06:33:44','2011-10-11 06:33:44'),
	(377,87,3,1,11,'2011-10-11 06:33:44','2011-10-11 06:33:44'),
	(378,87,2,1,12,'2011-10-11 06:33:44','2011-10-11 06:33:44'),
	(379,87,3,1,12,'2011-10-11 06:33:44','2011-10-11 06:33:44'),
	(380,87,3,1,13,'2011-10-11 06:33:44','2011-10-11 06:33:44'),
	(381,88,3,1,9,'2011-10-11 06:33:44','2011-10-11 06:33:44'),
	(382,88,3,1,10,'2011-10-11 06:33:44','2011-10-11 06:33:44'),
	(383,88,3,1,11,'2011-10-11 06:33:44','2011-10-11 06:33:44'),
	(384,88,2,1,12,'2011-10-11 06:33:44','2011-10-11 06:33:44'),
	(385,88,3,1,12,'2011-10-11 06:33:44','2011-10-11 06:33:44'),
	(386,88,3,1,13,'2011-10-11 06:33:44','2011-10-11 06:33:44'),
	(387,89,3,1,9,'2011-10-11 06:33:44','2011-10-11 06:33:44'),
	(388,89,3,1,10,'2011-10-11 06:33:44','2011-10-11 06:33:44'),
	(389,89,3,1,11,'2011-10-11 06:33:44','2011-10-11 06:33:44'),
	(390,89,2,1,12,'2011-10-11 06:33:44','2011-10-11 06:33:44'),
	(391,89,3,1,12,'2011-10-11 06:33:44','2011-10-11 06:33:44'),
	(392,89,3,1,13,'2011-10-11 06:33:44','2011-10-11 06:33:44'),
	(393,90,3,1,9,'2011-10-11 06:33:44','2011-10-11 06:33:44'),
	(394,90,3,1,10,'2011-10-11 06:33:44','2011-10-11 06:33:44'),
	(395,90,3,1,11,'2011-10-11 06:33:44','2011-10-11 06:33:44'),
	(396,90,2,1,12,'2011-10-11 06:33:44','2011-10-11 06:33:44'),
	(397,90,3,1,12,'2011-10-11 06:33:44','2011-10-11 06:33:44'),
	(398,90,3,1,13,'2011-10-11 06:33:44','2011-10-11 06:33:44'),
	(399,91,3,1,9,'2011-10-11 06:33:44','2011-10-11 06:33:44'),
	(400,91,3,1,10,'2011-10-11 06:33:44','2011-10-11 06:33:44'),
	(401,91,3,1,11,'2011-10-11 06:33:44','2011-10-11 06:33:44'),
	(402,91,2,1,12,'2011-10-11 06:33:44','2011-10-11 06:33:44'),
	(403,91,3,1,12,'2011-10-11 06:33:44','2011-10-11 06:33:44'),
	(404,91,3,1,13,'2011-10-11 06:33:44','2011-10-11 06:33:44'),
	(405,92,3,1,9,'2011-10-11 06:33:44','2011-10-11 06:33:44'),
	(406,92,3,1,10,'2011-10-11 06:33:44','2011-10-11 06:33:44'),
	(407,92,3,1,11,'2011-10-11 06:33:44','2011-10-11 06:33:44'),
	(408,92,2,1,12,'2011-10-11 06:33:44','2011-10-11 06:33:44'),
	(409,92,3,1,12,'2011-10-11 06:33:44','2011-10-11 06:33:44'),
	(410,92,3,1,13,'2011-10-11 06:33:44','2011-10-11 06:33:44'),
	(411,93,3,1,9,'2011-10-11 06:33:44','2011-10-11 06:33:44'),
	(412,93,3,1,10,'2011-10-11 06:33:44','2011-10-11 06:33:44'),
	(413,93,3,1,11,'2011-10-11 06:33:44','2011-10-11 06:33:44'),
	(414,93,3,1,12,'2011-10-11 06:33:44','2011-10-11 06:33:44'),
	(415,93,3,1,13,'2011-10-11 06:33:44','2011-10-11 06:33:44'),
	(416,94,3,1,9,'2011-10-11 06:33:44','2011-10-11 06:33:44'),
	(417,94,3,1,10,'2011-10-11 06:33:44','2011-10-11 06:33:44'),
	(418,94,3,1,11,'2011-10-11 06:33:44','2011-10-11 06:33:44'),
	(419,94,3,1,12,'2011-10-11 06:33:44','2011-10-11 06:33:44'),
	(420,94,3,1,13,'2011-10-11 06:33:44','2011-10-11 06:33:44'),
	(421,95,3,1,9,'2011-10-11 06:33:44','2011-10-11 06:33:44'),
	(422,95,3,1,10,'2011-10-11 06:33:44','2011-10-11 06:33:44'),
	(423,95,3,1,11,'2011-10-11 06:33:44','2011-10-11 06:33:44'),
	(424,95,3,1,12,'2011-10-11 06:33:44','2011-10-11 06:33:44'),
	(425,95,3,1,13,'2011-10-11 06:33:44','2011-10-11 06:33:44'),
	(426,96,3,1,9,'2011-10-11 06:33:44','2011-10-11 06:33:44'),
	(427,96,3,1,10,'2011-10-11 06:33:44','2011-10-11 06:33:44'),
	(428,96,3,1,11,'2011-10-11 06:33:44','2011-10-11 06:33:44'),
	(429,96,3,1,12,'2011-10-11 06:33:44','2011-10-11 06:33:44'),
	(430,96,3,1,13,'2011-10-11 06:33:44','2011-10-11 06:33:44'),
	(431,97,3,1,9,'2011-10-11 06:33:45','2011-10-11 06:33:45'),
	(432,97,3,1,10,'2011-10-11 06:33:45','2011-10-11 06:33:45'),
	(433,97,3,1,11,'2011-10-11 06:33:45','2011-10-11 06:33:45'),
	(434,97,3,1,12,'2011-10-11 06:33:45','2011-10-11 06:33:45'),
	(435,97,3,1,13,'2011-10-11 06:33:45','2011-10-11 06:33:45'),
	(436,98,3,1,9,'2011-10-11 06:33:45','2011-10-11 06:33:45'),
	(437,98,3,1,10,'2011-10-11 06:33:45','2011-10-11 06:33:45'),
	(438,98,3,1,11,'2011-10-11 06:33:45','2011-10-11 06:33:45'),
	(439,98,3,1,12,'2011-10-11 06:33:45','2011-10-11 06:33:45'),
	(440,98,3,1,13,'2011-10-11 06:33:45','2011-10-11 06:33:45'),
	(441,99,3,1,9,'2011-10-11 06:33:45','2011-10-11 06:33:45'),
	(442,99,3,1,10,'2011-10-11 06:33:45','2011-10-11 06:33:45'),
	(443,99,3,1,11,'2011-10-11 06:33:45','2011-10-11 06:33:45'),
	(444,99,3,1,12,'2011-10-11 06:33:45','2011-10-11 06:33:45'),
	(445,99,3,1,13,'2011-10-11 06:33:45','2011-10-11 06:33:45'),
	(446,100,3,1,9,'2011-10-11 06:33:45','2011-10-11 06:33:45'),
	(447,100,3,1,10,'2011-10-11 06:33:45','2011-10-11 06:33:45'),
	(448,100,3,1,11,'2011-10-11 06:33:45','2011-10-11 06:33:45'),
	(449,100,3,1,12,'2011-10-11 06:33:45','2011-10-11 06:33:45'),
	(450,100,3,1,13,'2011-10-11 06:33:45','2011-10-11 06:33:45'),
	(451,101,3,1,9,'2011-10-11 06:33:45','2011-10-11 06:33:45'),
	(452,101,3,1,10,'2011-10-11 06:33:45','2011-10-11 06:33:45'),
	(453,101,3,1,11,'2011-10-11 06:33:45','2011-10-11 06:33:45'),
	(454,101,3,1,12,'2011-10-11 06:33:45','2011-10-11 06:33:45'),
	(455,101,3,1,13,'2011-10-11 06:33:45','2011-10-11 06:33:45'),
	(456,102,3,1,9,'2011-10-11 06:33:45','2011-10-11 06:33:45'),
	(457,102,3,1,10,'2011-10-11 06:33:45','2011-10-11 06:33:45'),
	(458,102,3,1,11,'2011-10-11 06:33:45','2011-10-11 06:33:45'),
	(459,102,3,1,12,'2011-10-11 06:33:45','2011-10-11 06:33:45'),
	(460,102,3,1,13,'2011-10-11 06:33:45','2011-10-11 06:33:45'),
	(461,103,3,1,9,'2011-10-11 06:33:45','2011-10-11 06:33:45'),
	(462,103,3,1,10,'2011-10-11 06:33:45','2011-10-11 06:33:45'),
	(463,103,3,1,11,'2011-10-11 06:33:45','2011-10-11 06:33:45'),
	(464,103,3,1,12,'2011-10-11 06:33:45','2011-10-11 06:33:45'),
	(465,103,3,1,13,'2011-10-11 06:33:45','2011-10-11 06:33:45'),
	(466,104,3,1,9,'2011-10-11 06:33:45','2011-10-11 06:33:45'),
	(467,104,3,1,10,'2011-10-11 06:33:45','2011-10-11 06:33:45'),
	(468,104,3,1,11,'2011-10-11 06:33:45','2011-10-11 06:33:45'),
	(469,104,3,1,12,'2011-10-11 06:33:45','2011-10-11 06:33:45'),
	(470,104,3,1,13,'2011-10-11 06:33:45','2011-10-11 06:33:45'),
	(471,105,3,1,9,'2011-10-11 06:33:45','2011-10-11 06:33:45'),
	(472,105,3,1,10,'2011-10-11 06:33:45','2011-10-11 06:33:45'),
	(473,105,3,1,11,'2011-10-11 06:33:45','2011-10-11 06:33:45'),
	(474,105,3,1,12,'2011-10-11 06:33:45','2011-10-11 06:33:45'),
	(475,105,3,1,13,'2011-10-11 06:33:45','2011-10-11 06:33:45'),
	(476,106,3,1,9,'2011-10-11 06:33:45','2011-10-11 06:33:45'),
	(477,106,3,1,10,'2011-10-11 06:33:45','2011-10-11 06:33:45'),
	(478,106,3,1,11,'2011-10-11 06:33:45','2011-10-11 06:33:45'),
	(479,106,3,1,12,'2011-10-11 06:33:45','2011-10-11 06:33:45'),
	(480,106,3,1,13,'2011-10-11 06:33:45','2011-10-11 06:33:45'),
	(481,107,3,1,9,'2011-10-11 06:33:45','2011-10-11 06:33:45'),
	(482,107,3,1,10,'2011-10-11 06:33:45','2011-10-11 06:33:45'),
	(483,107,3,1,11,'2011-10-11 06:33:45','2011-10-11 06:33:45'),
	(484,107,3,1,12,'2011-10-11 06:33:45','2011-10-11 06:33:45'),
	(485,107,3,1,13,'2011-10-11 06:33:45','2011-10-11 06:33:45'),
	(486,108,3,1,9,'2011-10-11 06:33:45','2011-10-11 06:33:45'),
	(487,108,3,1,10,'2011-10-11 06:33:45','2011-10-11 06:33:45'),
	(488,108,3,1,11,'2011-10-11 06:33:45','2011-10-11 06:33:45'),
	(489,108,3,1,12,'2011-10-11 06:33:45','2011-10-11 06:33:45'),
	(490,108,3,1,13,'2011-10-11 06:33:45','2011-10-11 06:33:45'),
	(491,109,8,1,9,'2011-10-11 06:33:45','2011-10-11 06:33:45'),
	(492,109,3,1,9,'2011-10-11 06:33:45','2011-10-11 06:33:45'),
	(493,109,3,1,10,'2011-10-11 06:33:45','2011-10-11 06:33:45'),
	(494,109,3,1,11,'2011-10-11 06:33:45','2011-10-11 06:33:45'),
	(495,109,8,1,12,'2011-10-11 06:33:45','2011-10-11 06:33:45'),
	(496,109,3,1,12,'2011-10-11 06:33:45','2011-10-11 06:33:45'),
	(497,109,3,1,13,'2011-10-11 06:33:45','2011-10-11 06:33:45'),
	(498,110,8,1,9,'2011-10-11 06:33:45','2011-10-11 06:33:45'),
	(499,110,3,1,9,'2011-10-11 06:33:45','2011-10-11 06:33:45'),
	(500,110,3,1,10,'2011-10-11 06:33:45','2011-10-11 06:33:45'),
	(501,110,3,1,11,'2011-10-11 06:33:45','2011-10-11 06:33:45'),
	(502,110,8,1,12,'2011-10-11 06:33:45','2011-10-11 06:33:45'),
	(503,110,3,1,12,'2011-10-11 06:33:45','2011-10-11 06:33:45'),
	(504,110,3,1,13,'2011-10-11 06:33:45','2011-10-11 06:33:45'),
	(505,111,8,1,9,'2011-10-11 06:33:45','2011-10-11 06:33:45'),
	(506,111,3,1,9,'2011-10-11 06:33:45','2011-10-11 06:33:45'),
	(507,111,3,1,10,'2011-10-11 06:33:45','2011-10-11 06:33:45'),
	(508,111,3,1,11,'2011-10-11 06:33:45','2011-10-11 06:33:45'),
	(509,111,8,1,12,'2011-10-11 06:33:45','2011-10-11 06:33:45'),
	(510,111,3,1,12,'2011-10-11 06:33:45','2011-10-11 06:33:45'),
	(511,111,3,1,13,'2011-10-11 06:33:45','2011-10-11 06:33:45'),
	(512,112,8,1,9,'2011-10-11 06:33:45','2011-10-11 06:33:45'),
	(513,112,3,1,9,'2011-10-11 06:33:45','2011-10-11 06:33:45'),
	(514,112,3,1,10,'2011-10-11 06:33:45','2011-10-11 06:33:45'),
	(515,112,3,1,11,'2011-10-11 06:33:45','2011-10-11 06:33:45'),
	(516,112,8,1,12,'2011-10-11 06:33:45','2011-10-11 06:33:45'),
	(517,112,3,1,12,'2011-10-11 06:33:45','2011-10-11 06:33:45'),
	(518,112,3,1,13,'2011-10-11 06:33:45','2011-10-11 06:33:45');

/*!40000 ALTER TABLE `password_controls` ENABLE KEYS */;
UNLOCK TABLES;


# Dump of table passwords
# ------------------------------------------------------------

DROP TABLE IF EXISTS `passwords`;

CREATE TABLE `passwords` (
  `id` int(11) NOT NULL AUTO_INCREMENT,
  `password` varchar(255) COLLATE utf8_unicode_ci DEFAULT NULL,
  `school_id` int(11) DEFAULT NULL,
  `segment_id` int(11) DEFAULT NULL,
  `service_level_id` int(11) DEFAULT NULL,
  `created_at` datetime DEFAULT NULL,
  `updated_at` datetime DEFAULT NULL,
  PRIMARY KEY (`id`)
) ENGINE=InnoDB DEFAULT CHARSET=utf8 COLLATE=utf8_unicode_ci;

LOCK TABLES `passwords` WRITE;
/*!40000 ALTER TABLE `passwords` DISABLE KEYS */;

INSERT INTO `passwords` (`id`, `password`, `school_id`, `segment_id`, `service_level_id`, `created_at`, `updated_at`)
VALUES
	(1,'5t66n8',1,5,2,'2011-10-11 06:33:45','2011-10-11 06:33:45'),
	(2,'7rwgmo',1,6,2,'2011-10-11 06:33:45','2011-10-11 06:33:45'),
	(3,'wc2c5w',1,7,2,'2011-10-11 06:33:45','2011-10-11 06:33:45'),
	(4,'fqk6b2',1,8,2,'2011-10-11 06:33:45','2011-10-11 06:33:45'),
	(5,'ozqast',2,5,2,'2011-10-11 06:33:45','2011-10-11 06:33:45'),
	(6,'3n7nst',2,6,2,'2011-10-11 06:33:45','2011-10-11 06:33:45'),
	(7,'p8wt5b',2,7,2,'2011-10-11 06:33:45','2011-10-11 06:33:45'),
	(8,'dhvbtb',2,8,2,'2011-10-11 06:33:45','2011-10-11 06:33:45'),
	(9,'zteya6',3,5,2,'2011-10-11 06:33:45','2011-10-11 06:33:45'),
	(10,'qsu425',3,6,2,'2011-10-11 06:33:45','2011-10-11 06:33:45'),
	(11,'houcg6',3,7,2,'2011-10-11 06:33:45','2011-10-11 06:33:45'),
	(12,'xe4um5',3,8,2,'2011-10-11 06:33:45','2011-10-11 06:33:45'),
	(13,'v3qpkq',4,5,2,'2011-10-11 06:33:45','2011-10-11 06:33:45'),
	(14,'rc85rk',4,6,2,'2011-10-11 06:33:45','2011-10-11 06:33:45'),
	(15,'6takmt',4,7,2,'2011-10-11 06:33:45','2011-10-11 06:33:45'),
	(16,'msmz77',4,8,2,'2011-10-11 06:33:45','2011-10-11 06:33:45'),
	(17,'5a0dbs',5,5,2,'2011-10-11 06:33:45','2011-10-11 06:33:45'),
	(18,'qb5hha',5,6,2,'2011-10-11 06:33:45','2011-10-11 06:33:45'),
	(19,'2tqb40',5,7,2,'2011-10-11 06:33:45','2011-10-11 06:33:45'),
	(20,'2g366h',5,8,2,'2011-10-11 06:33:45','2011-10-11 06:33:45'),
	(21,'wjvuyk',6,5,2,'2011-10-11 06:33:45','2011-10-11 06:33:45'),
	(22,'h8wtgz',6,6,2,'2011-10-11 06:33:45','2011-10-11 06:33:45'),
	(23,'ry4gyr',6,7,2,'2011-10-11 06:33:45','2011-10-11 06:33:45'),
	(24,'qd5f6c',6,8,2,'2011-10-11 06:33:45','2011-10-11 06:33:45'),
	(25,'qynukj',7,9,3,'2011-10-11 06:33:45','2011-10-11 06:33:45'),
	(26,'27nbos',7,10,3,'2011-10-11 06:33:45','2011-10-11 06:33:45'),
	(27,'gwsx52',7,11,3,'2011-10-11 06:33:45','2011-10-11 06:33:45'),
	(28,'rrvrzm',7,12,2,'2011-10-11 06:33:45','2011-10-11 06:33:45'),
	(29,'rzg37t',7,12,3,'2011-10-11 06:33:45','2011-10-11 06:33:45'),
	(30,'mnpfrq',7,13,3,'2011-10-11 06:33:45','2011-10-11 06:33:45'),
	(31,'4dr3qr',8,5,2,'2011-10-11 06:33:45','2011-10-11 06:33:45'),
	(32,'oav77b',8,6,2,'2011-10-11 06:33:45','2011-10-11 06:33:45'),
	(33,'kesaef',8,7,2,'2011-10-11 06:33:45','2011-10-11 06:33:45'),
	(34,'khrj6t',8,8,2,'2011-10-11 06:33:45','2011-10-11 06:33:45'),
	(35,'3hcos2',9,9,3,'2011-10-11 06:33:45','2011-10-11 06:33:45'),
	(36,'xw2h2j',9,10,3,'2011-10-11 06:33:45','2011-10-11 06:33:45'),
	(37,'byzx5f',9,11,3,'2011-10-11 06:33:45','2011-10-11 06:33:45'),
	(38,'qvkuf6',9,12,2,'2011-10-11 06:33:45','2011-10-11 06:33:45'),
	(39,'nckxye',9,12,3,'2011-10-11 06:33:45','2011-10-11 06:33:45'),
	(40,'7v4zo7',9,13,3,'2011-10-11 06:33:45','2011-10-11 06:33:45'),
	(41,'aopbxm',10,9,3,'2011-10-11 06:33:45','2011-10-11 06:33:45'),
	(42,'wfaedw',10,10,3,'2011-10-11 06:33:45','2011-10-11 06:33:45'),
	(43,'atm7sc',10,11,3,'2011-10-11 06:33:45','2011-10-11 06:33:45'),
	(44,'jkoa4f',10,12,2,'2011-10-11 06:33:45','2011-10-11 06:33:45'),
	(45,'aodk4p',10,12,3,'2011-10-11 06:33:45','2011-10-11 06:33:45'),
	(46,'uzmkog',10,13,3,'2011-10-11 06:33:45','2011-10-11 06:33:45'),
	(47,'aejjah',11,5,2,'2011-10-11 06:33:45','2011-10-11 06:33:45'),
	(48,'q7fwvz',11,6,2,'2011-10-11 06:33:45','2011-10-11 06:33:45'),
	(49,'najqpn',11,7,2,'2011-10-11 06:33:45','2011-10-11 06:33:45'),
	(50,'ut4zg7',11,8,2,'2011-10-11 06:33:45','2011-10-11 06:33:45'),
	(51,'e87syt',12,5,2,'2011-10-11 06:33:45','2011-10-11 06:33:45'),
	(52,'mb5f57',12,6,2,'2011-10-11 06:33:45','2011-10-11 06:33:45'),
	(53,'35n2zq',12,7,2,'2011-10-11 06:33:45','2011-10-11 06:33:45'),
	(54,'42sxbr',12,8,2,'2011-10-11 06:33:45','2011-10-11 06:33:45'),
	(55,'272y5w',13,5,2,'2011-10-11 06:33:45','2011-10-11 06:33:45'),
	(56,'5mpcaq',13,6,2,'2011-10-11 06:33:45','2011-10-11 06:33:45'),
	(57,'bd3sne',13,7,2,'2011-10-11 06:33:45','2011-10-11 06:33:45'),
	(58,'hnr5cg',13,8,2,'2011-10-11 06:33:45','2011-10-11 06:33:45'),
	(59,'g5rmeu',14,5,2,'2011-10-11 06:33:45','2011-10-11 06:33:45'),
	(60,'nq448x',14,6,2,'2011-10-11 06:33:45','2011-10-11 06:33:45'),
	(61,'qscqec',14,7,2,'2011-10-11 06:33:45','2011-10-11 06:33:45'),
	(62,'0ncdym',14,8,2,'2011-10-11 06:33:45','2011-10-11 06:33:45'),
	(63,'g6kctq',15,5,2,'2011-10-11 06:33:45','2011-10-11 06:33:45'),
	(64,'wjbhbz',15,6,2,'2011-10-11 06:33:45','2011-10-11 06:33:45'),
	(65,'ye75kr',15,7,2,'2011-10-11 06:33:45','2011-10-11 06:33:45'),
	(66,'duopkc',15,8,2,'2011-10-11 06:33:45','2011-10-11 06:33:45'),
	(67,'h0tpc5',16,5,2,'2011-10-11 06:33:46','2011-10-11 06:33:46'),
	(68,'hpv66e',16,6,2,'2011-10-11 06:33:46','2011-10-11 06:33:46'),
	(69,'0p3rk2',16,7,2,'2011-10-11 06:33:46','2011-10-11 06:33:46'),
	(70,'3axygu',16,8,2,'2011-10-11 06:33:46','2011-10-11 06:33:46'),
	(71,'r3eb7c',17,5,2,'2011-10-11 06:33:46','2011-10-11 06:33:46'),
	(72,'tscvky',17,6,2,'2011-10-11 06:33:46','2011-10-11 06:33:46'),
	(73,'xmgg2y',17,7,2,'2011-10-11 06:33:46','2011-10-11 06:33:46'),
	(74,'juscbj',17,8,2,'2011-10-11 06:33:46','2011-10-11 06:33:46'),
	(75,'6k8dos',18,5,2,'2011-10-11 06:33:46','2011-10-11 06:33:46'),
	(76,'6gq54o',18,6,2,'2011-10-11 06:33:46','2011-10-11 06:33:46'),
	(77,'sojb6c',18,7,2,'2011-10-11 06:33:46','2011-10-11 06:33:46'),
	(78,'5dhsss',18,8,2,'2011-10-11 06:33:46','2011-10-11 06:33:46'),
	(79,'bfwcpv',19,5,2,'2011-10-11 06:33:46','2011-10-11 06:33:46'),
	(80,'4qsu8q',19,6,2,'2011-10-11 06:33:46','2011-10-11 06:33:46'),
	(81,'r7xt62',19,7,2,'2011-10-11 06:33:46','2011-10-11 06:33:46'),
	(82,'n02qvq',19,8,2,'2011-10-11 06:33:46','2011-10-11 06:33:46'),
	(83,'sryur6',20,5,2,'2011-10-11 06:33:46','2011-10-11 06:33:46'),
	(84,'4g024y',20,6,2,'2011-10-11 06:33:46','2011-10-11 06:33:46'),
	(85,'bw6jqz',20,7,2,'2011-10-11 06:33:46','2011-10-11 06:33:46'),
	(86,'rau5n3',20,8,2,'2011-10-11 06:33:46','2011-10-11 06:33:46'),
	(87,'p5ezjj',21,5,2,'2011-10-11 06:33:46','2011-10-11 06:33:46'),
	(88,'8t53yz',21,6,2,'2011-10-11 06:33:46','2011-10-11 06:33:46'),
	(89,'kuc5t6',21,7,2,'2011-10-11 06:33:46','2011-10-11 06:33:46'),
	(90,'tndyht',21,8,2,'2011-10-11 06:33:46','2011-10-11 06:33:46'),
	(91,'re67zv',22,5,2,'2011-10-11 06:33:46','2011-10-11 06:33:46'),
	(92,'quadst',22,6,2,'2011-10-11 06:33:46','2011-10-11 06:33:46'),
	(93,'da6wte',22,7,2,'2011-10-11 06:33:46','2011-10-11 06:33:46'),
	(94,'c2kxka',22,8,2,'2011-10-11 06:33:46','2011-10-11 06:33:46'),
	(95,'d3ka2e',23,5,2,'2011-10-11 06:33:46','2011-10-11 06:33:46'),
	(96,'642p3j',23,6,2,'2011-10-11 06:33:46','2011-10-11 06:33:46'),
	(97,'byno5f',23,7,2,'2011-10-11 06:33:46','2011-10-11 06:33:46'),
	(98,'qbh8ye',23,8,2,'2011-10-11 06:33:46','2011-10-11 06:33:46'),
	(99,'awr6kj',24,5,2,'2011-10-11 06:33:46','2011-10-11 06:33:46'),
	(100,'2f5bb6',24,6,2,'2011-10-11 06:33:46','2011-10-11 06:33:46'),
	(101,'4xdrjo',24,7,2,'2011-10-11 06:33:46','2011-10-11 06:33:46'),
	(102,'50amtb',24,8,2,'2011-10-11 06:33:46','2011-10-11 06:33:46'),
	(103,'oreauw',25,5,2,'2011-10-11 06:33:46','2011-10-11 06:33:46'),
	(104,'foytpv',25,6,2,'2011-10-11 06:33:46','2011-10-11 06:33:46'),
	(105,'577k5t',25,7,2,'2011-10-11 06:33:46','2011-10-11 06:33:46'),
	(106,'7ush4f',25,8,2,'2011-10-11 06:33:46','2011-10-11 06:33:46'),
	(107,'7048sh',26,5,2,'2011-10-11 06:33:46','2011-10-11 06:33:46'),
	(108,'e7k8rw',26,6,2,'2011-10-11 06:33:46','2011-10-11 06:33:46'),
	(109,'tauhoy',26,7,2,'2011-10-11 06:33:46','2011-10-11 06:33:46'),
	(110,'8cwxkw',26,8,2,'2011-10-11 06:33:46','2011-10-11 06:33:46'),
	(111,'dmhgst',27,5,2,'2011-10-11 06:33:46','2011-10-11 06:33:46'),
	(112,'weqa50',27,6,2,'2011-10-11 06:33:46','2011-10-11 06:33:46'),
	(113,'c4x7ag',27,7,2,'2011-10-11 06:33:46','2011-10-11 06:33:46'),
	(114,'vmtcwx',27,8,2,'2011-10-11 06:33:46','2011-10-11 06:33:46'),
	(115,'gsj8kt',28,5,2,'2011-10-11 06:33:46','2011-10-11 06:33:46'),
	(116,'hgjcf6',28,6,2,'2011-10-11 06:33:46','2011-10-11 06:33:46'),
	(117,'p0sj0t',28,7,2,'2011-10-11 06:33:46','2011-10-11 06:33:46'),
	(118,'qxzbaj',28,8,2,'2011-10-11 06:33:46','2011-10-11 06:33:46'),
	(119,'jytgyh',29,5,2,'2011-10-11 06:33:46','2011-10-11 06:33:46'),
	(120,'6aapbn',29,6,2,'2011-10-11 06:33:46','2011-10-11 06:33:46'),
	(121,'c5gq5b',29,7,2,'2011-10-11 06:33:46','2011-10-11 06:33:46'),
	(122,'whqwor',29,8,2,'2011-10-11 06:33:46','2011-10-11 06:33:46'),
	(123,'va58fd',30,5,2,'2011-10-11 06:33:46','2011-10-11 06:33:46'),
	(124,'qjsfyj',30,6,2,'2011-10-11 06:33:46','2011-10-11 06:33:46'),
	(125,'ha56vd',30,7,2,'2011-10-11 06:33:46','2011-10-11 06:33:46'),
	(126,'ebf2wf',30,8,2,'2011-10-11 06:33:46','2011-10-11 06:33:46'),
	(127,'whb5tj',31,5,2,'2011-10-11 06:33:46','2011-10-11 06:33:46'),
	(128,'ptdsuy',31,6,2,'2011-10-11 06:33:46','2011-10-11 06:33:46'),
	(129,'okb7q4',31,7,2,'2011-10-11 06:33:46','2011-10-11 06:33:46'),
	(130,'s0z2h3',31,8,2,'2011-10-11 06:33:46','2011-10-11 06:33:46'),
	(131,'83rwh8',32,5,2,'2011-10-11 06:33:46','2011-10-11 06:33:46'),
	(132,'jw058k',32,6,2,'2011-10-11 06:33:46','2011-10-11 06:33:46'),
	(133,'663tq6',32,7,2,'2011-10-11 06:33:46','2011-10-11 06:33:46'),
	(134,'8y80v6',32,8,2,'2011-10-11 06:33:46','2011-10-11 06:33:46'),
	(135,'48nh6v',33,5,2,'2011-10-11 06:33:46','2011-10-11 06:33:46'),
	(136,'cz4zjs',33,6,2,'2011-10-11 06:33:46','2011-10-11 06:33:46'),
	(137,'hqee7w',33,7,2,'2011-10-11 06:33:46','2011-10-11 06:33:46'),
	(138,'btrsgs',33,8,2,'2011-10-11 06:33:46','2011-10-11 06:33:46'),
	(139,'hspxyh',34,5,2,'2011-10-11 06:33:46','2011-10-11 06:33:46'),
	(140,'2rb73w',34,6,2,'2011-10-11 06:33:46','2011-10-11 06:33:46'),
	(141,'jpeaqf',34,7,2,'2011-10-11 06:33:46','2011-10-11 06:33:46'),
	(142,'8qk664',34,8,2,'2011-10-11 06:33:46','2011-10-11 06:33:46'),
	(143,'47byo0',35,5,2,'2011-10-11 06:33:46','2011-10-11 06:33:46'),
	(144,'qxcvqw',35,6,2,'2011-10-11 06:33:46','2011-10-11 06:33:46'),
	(145,'verj4w',35,7,2,'2011-10-11 06:33:46','2011-10-11 06:33:46'),
	(146,'vyz4br',35,8,2,'2011-10-11 06:33:46','2011-10-11 06:33:46'),
	(147,'nxg6uo',36,5,2,'2011-10-11 06:33:46','2011-10-11 06:33:46'),
	(148,'mnmce3',36,6,2,'2011-10-11 06:33:46','2011-10-11 06:33:46'),
	(149,'5ums5z',36,7,2,'2011-10-11 06:33:46','2011-10-11 06:33:46'),
	(150,'w7wy6v',36,8,2,'2011-10-11 06:33:46','2011-10-11 06:33:46'),
	(151,'agyffr',37,5,2,'2011-10-11 06:33:46','2011-10-11 06:33:46'),
	(152,'xfo4jr',37,6,2,'2011-10-11 06:33:46','2011-10-11 06:33:46'),
	(153,'gm872w',37,7,2,'2011-10-11 06:33:46','2011-10-11 06:33:46'),
	(154,'vw036d',37,8,2,'2011-10-11 06:33:46','2011-10-11 06:33:46'),
	(155,'nsv4eo',38,5,2,'2011-10-11 06:33:46','2011-10-11 06:33:46'),
	(156,'xjuby8',38,6,2,'2011-10-11 06:33:46','2011-10-11 06:33:46'),
	(157,'4bd63f',38,7,2,'2011-10-11 06:33:46','2011-10-11 06:33:46'),
	(158,'t2ed4q',38,8,2,'2011-10-11 06:33:46','2011-10-11 06:33:46'),
	(159,'eb5r8a',39,5,2,'2011-10-11 06:33:46','2011-10-11 06:33:46'),
	(160,'apbh88',39,6,2,'2011-10-11 06:33:46','2011-10-11 06:33:46'),
	(161,'awmbyr',39,7,2,'2011-10-11 06:33:46','2011-10-11 06:33:46'),
	(162,'fjndkg',39,8,2,'2011-10-11 06:33:46','2011-10-11 06:33:46'),
	(163,'sr25up',40,5,2,'2011-10-11 06:33:46','2011-10-11 06:33:46'),
	(164,'edyxpx',40,6,2,'2011-10-11 06:33:46','2011-10-11 06:33:46'),
	(165,'rmrhyg',40,7,2,'2011-10-11 06:33:46','2011-10-11 06:33:46'),
	(166,'4dyqhz',40,8,2,'2011-10-11 06:33:46','2011-10-11 06:33:46'),
	(167,'jp52vb',41,5,2,'2011-10-11 06:33:46','2011-10-11 06:33:46'),
	(168,'805we3',41,6,2,'2011-10-11 06:33:46','2011-10-11 06:33:46'),
	(169,'oy08th',41,7,2,'2011-10-11 06:33:46','2011-10-11 06:33:46'),
	(170,'u03w8t',41,8,2,'2011-10-11 06:33:46','2011-10-11 06:33:46'),
	(171,'jnvmx4',42,5,2,'2011-10-11 06:33:46','2011-10-11 06:33:46'),
	(172,'q3puqw',42,6,2,'2011-10-11 06:33:46','2011-10-11 06:33:46'),
	(173,'3bzkeg',42,7,2,'2011-10-11 06:33:46','2011-10-11 06:33:46'),
	(174,'d4d3q2',42,8,2,'2011-10-11 06:33:46','2011-10-11 06:33:46'),
	(175,'7enff8',43,5,2,'2011-10-11 06:33:46','2011-10-11 06:33:46'),
	(176,'uxkpw8',43,6,2,'2011-10-11 06:33:46','2011-10-11 06:33:46'),
	(177,'8e8oq8',43,7,2,'2011-10-11 06:33:46','2011-10-11 06:33:46'),
	(178,'cuoyda',43,8,2,'2011-10-11 06:33:46','2011-10-11 06:33:46'),
	(179,'mj7gfu',44,5,2,'2011-10-11 06:33:46','2011-10-11 06:33:46'),
	(180,'62sn5r',44,6,2,'2011-10-11 06:33:46','2011-10-11 06:33:46'),
	(181,'3sywa4',44,7,2,'2011-10-11 06:33:46','2011-10-11 06:33:46'),
	(182,'uqbvwt',44,8,2,'2011-10-11 06:33:46','2011-10-11 06:33:46'),
	(183,'q6s4mu',45,5,2,'2011-10-11 06:33:46','2011-10-11 06:33:46'),
	(184,'fzw0xc',45,6,2,'2011-10-11 06:33:46','2011-10-11 06:33:46'),
	(185,'qrm8xu',45,7,2,'2011-10-11 06:33:46','2011-10-11 06:33:46'),
	(186,'qsm0f4',45,8,2,'2011-10-11 06:33:46','2011-10-11 06:33:46'),
	(187,'20od3o',46,5,2,'2011-10-11 06:33:46','2011-10-11 06:33:46'),
	(188,'g3ouk3',46,6,2,'2011-10-11 06:33:46','2011-10-11 06:33:46'),
	(189,'h8sero',46,7,2,'2011-10-11 06:33:46','2011-10-11 06:33:46'),
	(190,'3fszee',46,8,2,'2011-10-11 06:33:46','2011-10-11 06:33:46'),
	(191,'vakcf8',47,5,2,'2011-10-11 06:33:46','2011-10-11 06:33:46'),
	(192,'mmf8uu',47,6,2,'2011-10-11 06:33:46','2011-10-11 06:33:46'),
	(193,'tyekn5',47,7,2,'2011-10-11 06:33:46','2011-10-11 06:33:46'),
	(194,'arc4rx',47,8,2,'2011-10-11 06:33:46','2011-10-11 06:33:46'),
	(195,'7xgn2v',48,5,2,'2011-10-11 06:33:46','2011-10-11 06:33:46'),
	(196,'k6fuvg',48,6,2,'2011-10-11 06:33:46','2011-10-11 06:33:46'),
	(197,'hqxcra',48,7,2,'2011-10-11 06:33:46','2011-10-11 06:33:46'),
	(198,'833ys2',48,8,2,'2011-10-11 06:33:46','2011-10-11 06:33:46'),
	(199,'q4c6nh',49,5,2,'2011-10-11 06:33:46','2011-10-11 06:33:46'),
	(200,'jmfksv',49,6,2,'2011-10-11 06:33:46','2011-10-11 06:33:46'),
	(201,'h0en3c',49,7,2,'2011-10-11 06:33:46','2011-10-11 06:33:46'),
	(202,'jzbgd7',49,8,2,'2011-10-11 06:33:46','2011-10-11 06:33:46'),
	(203,'pwz45x',50,5,2,'2011-10-11 06:33:46','2011-10-11 06:33:46'),
	(204,'k8ahg0',50,6,2,'2011-10-11 06:33:46','2011-10-11 06:33:46'),
	(205,'rpq6es',50,7,2,'2011-10-11 06:33:46','2011-10-11 06:33:46'),
	(206,'sujh3g',50,8,2,'2011-10-11 06:33:46','2011-10-11 06:33:46'),
	(207,'8wrfch',51,5,2,'2011-10-11 06:33:46','2011-10-11 06:33:46'),
	(208,'wkupvk',51,6,2,'2011-10-11 06:33:46','2011-10-11 06:33:46'),
	(209,'2zg6ed',51,7,2,'2011-10-11 06:33:46','2011-10-11 06:33:46'),
	(210,'gtpe7v',51,8,2,'2011-10-11 06:33:46','2011-10-11 06:33:46'),
	(211,'eb4fbq',52,5,2,'2011-10-11 06:33:46','2011-10-11 06:33:46'),
	(212,'ug66yg',52,6,2,'2011-10-11 06:33:46','2011-10-11 06:33:46'),
	(213,'ept6u8',52,7,2,'2011-10-11 06:33:46','2011-10-11 06:33:46'),
	(214,'36gw2f',52,8,2,'2011-10-11 06:33:46','2011-10-11 06:33:46'),
	(215,'htk3gv',53,5,2,'2011-10-11 06:33:46','2011-10-11 06:33:46'),
	(216,'xa0d0q',53,6,2,'2011-10-11 06:33:46','2011-10-11 06:33:46'),
	(217,'b6x4fs',53,7,2,'2011-10-11 06:33:46','2011-10-11 06:33:46'),
	(218,'omdn3h',53,8,2,'2011-10-11 06:33:46','2011-10-11 06:33:46'),
	(219,'jom0ea',54,5,2,'2011-10-11 06:33:46','2011-10-11 06:33:46'),
	(220,'gf5d77',54,6,2,'2011-10-11 06:33:46','2011-10-11 06:33:46'),
	(221,'b42xc3',54,7,2,'2011-10-11 06:33:46','2011-10-11 06:33:46'),
	(222,'0u7sac',54,8,2,'2011-10-11 06:33:46','2011-10-11 06:33:46'),
	(223,'kpr35w',55,5,2,'2011-10-11 06:33:46','2011-10-11 06:33:46'),
	(224,'txxy2w',55,6,2,'2011-10-11 06:33:46','2011-10-11 06:33:46'),
	(225,'sqncex',55,7,2,'2011-10-11 06:33:46','2011-10-11 06:33:46'),
	(226,'7zprg4',55,8,2,'2011-10-11 06:33:46','2011-10-11 06:33:46'),
	(227,'dvf52w',56,5,2,'2011-10-11 06:33:46','2011-10-11 06:33:46'),
	(228,'b632cy',56,6,2,'2011-10-11 06:33:46','2011-10-11 06:33:46'),
	(229,'5roko8',56,7,2,'2011-10-11 06:33:46','2011-10-11 06:33:46'),
	(230,'2trzjp',56,8,2,'2011-10-11 06:33:46','2011-10-11 06:33:46'),
	(231,'t247hw',57,5,2,'2011-10-11 06:33:46','2011-10-11 06:33:46'),
	(232,'3coedr',57,6,2,'2011-10-11 06:33:46','2011-10-11 06:33:46'),
	(233,'36nzwc',57,7,2,'2011-10-11 06:33:46','2011-10-11 06:33:46'),
	(234,'2ruu7y',57,8,2,'2011-10-11 06:33:46','2011-10-11 06:33:46'),
	(235,'h2mqfd',58,5,2,'2011-10-11 06:33:46','2011-10-11 06:33:46'),
	(236,'4ecn6g',58,6,2,'2011-10-11 06:33:46','2011-10-11 06:33:46'),
	(237,'geocd3',58,7,2,'2011-10-11 06:33:46','2011-10-11 06:33:46'),
	(238,'nfa7cc',58,8,2,'2011-10-11 06:33:46','2011-10-11 06:33:46'),
	(239,'8js0bd',59,5,2,'2011-10-11 06:33:46','2011-10-11 06:33:46'),
	(240,'2b3wox',59,6,2,'2011-10-11 06:33:46','2011-10-11 06:33:46'),
	(241,'tpzpd3',59,7,2,'2011-10-11 06:33:46','2011-10-11 06:33:46'),
	(242,'pddy4u',59,8,2,'2011-10-11 06:33:46','2011-10-11 06:33:46'),
	(243,'mgaztn',60,5,2,'2011-10-11 06:33:46','2011-10-11 06:33:46'),
	(244,'gnj8jk',60,6,2,'2011-10-11 06:33:46','2011-10-11 06:33:46'),
	(245,'xfkwgs',60,7,2,'2011-10-11 06:33:46','2011-10-11 06:33:46'),
	(246,'zuk464',60,8,2,'2011-10-11 06:33:46','2011-10-11 06:33:46'),
	(247,'vvqmq2',61,5,2,'2011-10-11 06:33:46','2011-10-11 06:33:46'),
	(248,'4d522k',61,6,2,'2011-10-11 06:33:46','2011-10-11 06:33:46'),
	(249,'j63mmf',61,7,2,'2011-10-11 06:33:46','2011-10-11 06:33:46'),
	(250,'nhkbec',61,8,2,'2011-10-11 06:33:46','2011-10-11 06:33:46'),
	(251,'s7e7dp',62,5,2,'2011-10-11 06:33:46','2011-10-11 06:33:46'),
	(252,'cqbb2c',62,6,2,'2011-10-11 06:33:46','2011-10-11 06:33:46'),
	(253,'06mvo2',62,7,2,'2011-10-11 06:33:46','2011-10-11 06:33:46'),
	(254,'6dx8s4',62,8,2,'2011-10-11 06:33:46','2011-10-11 06:33:46'),
	(255,'qgs6jt',63,5,2,'2011-10-11 06:33:46','2011-10-11 06:33:46'),
	(256,'467ygp',63,6,2,'2011-10-11 06:33:46','2011-10-11 06:33:46'),
	(257,'nydtdk',63,7,2,'2011-10-11 06:33:46','2011-10-11 06:33:46'),
	(258,'748h65',63,8,2,'2011-10-11 06:33:46','2011-10-11 06:33:46'),
	(259,'abt0sh',64,5,2,'2011-10-11 06:33:46','2011-10-11 06:33:46'),
	(260,'67xww2',64,6,2,'2011-10-11 06:33:46','2011-10-11 06:33:46'),
	(261,'0n3ocb',64,7,2,'2011-10-11 06:33:46','2011-10-11 06:33:46'),
	(262,'n4nwk2',64,8,2,'2011-10-11 06:33:46','2011-10-11 06:33:46'),
	(263,'c8js6q',65,5,2,'2011-10-11 06:33:46','2011-10-11 06:33:46'),
	(264,'yanvtf',65,6,2,'2011-10-11 06:33:46','2011-10-11 06:33:46'),
	(265,'7s2upf',65,7,2,'2011-10-11 06:33:46','2011-10-11 06:33:46'),
	(266,'vng78k',65,8,2,'2011-10-11 06:33:46','2011-10-11 06:33:46'),
	(267,'kkek7q',66,5,2,'2011-10-11 06:33:46','2011-10-11 06:33:46'),
	(268,'e727t6',66,6,2,'2011-10-11 06:33:46','2011-10-11 06:33:46'),
	(269,'h3kbvv',66,7,2,'2011-10-11 06:33:46','2011-10-11 06:33:46'),
	(270,'m0tvzb',66,8,2,'2011-10-11 06:33:46','2011-10-11 06:33:46'),
	(271,'wvyjwd',67,5,2,'2011-10-11 06:33:46','2011-10-11 06:33:46'),
	(272,'n7qxtp',67,6,2,'2011-10-11 06:33:46','2011-10-11 06:33:46'),
	(273,'56dbt4',67,7,2,'2011-10-11 06:33:46','2011-10-11 06:33:46'),
	(274,'ecyosd',67,8,2,'2011-10-11 06:33:46','2011-10-11 06:33:46'),
	(275,'tx4526',68,5,2,'2011-10-11 06:33:46','2011-10-11 06:33:46'),
	(276,'o75p68',68,6,2,'2011-10-11 06:33:46','2011-10-11 06:33:46'),
	(277,'tods8h',68,7,2,'2011-10-11 06:33:46','2011-10-11 06:33:46'),
	(278,'bbbeyu',68,8,2,'2011-10-11 06:33:46','2011-10-11 06:33:46'),
	(279,'gc5gf6',69,5,2,'2011-10-11 06:33:46','2011-10-11 06:33:46'),
	(280,'rayw2x',69,6,2,'2011-10-11 06:33:46','2011-10-11 06:33:46'),
	(281,'uxen82',69,7,2,'2011-10-11 06:33:46','2011-10-11 06:33:46'),
	(282,'jsp20z',69,8,2,'2011-10-11 06:33:46','2011-10-11 06:33:46'),
	(283,'6yhp0a',70,5,2,'2011-10-11 06:33:46','2011-10-11 06:33:46'),
	(284,'6p8ofb',70,6,2,'2011-10-11 06:33:46','2011-10-11 06:33:46'),
	(285,'6yqhha',70,7,2,'2011-10-11 06:33:46','2011-10-11 06:33:46'),
	(286,'gbvyzz',70,8,2,'2011-10-11 06:33:46','2011-10-11 06:33:46'),
	(287,'sfeg27',71,5,2,'2011-10-11 06:33:46','2011-10-11 06:33:46'),
	(288,'622bqh',71,6,2,'2011-10-11 06:33:46','2011-10-11 06:33:46'),
	(289,'rbdfm7',71,7,2,'2011-10-11 06:33:46','2011-10-11 06:33:46'),
	(290,'uf48s5',71,8,2,'2011-10-11 06:33:46','2011-10-11 06:33:46'),
	(291,'3k2oeb',72,5,2,'2011-10-11 06:33:46','2011-10-11 06:33:46'),
	(292,'8unfgk',72,6,2,'2011-10-11 06:33:46','2011-10-11 06:33:46'),
	(293,'q7mrs7',72,7,2,'2011-10-11 06:33:46','2011-10-11 06:33:46'),
	(294,'hswec5',72,8,2,'2011-10-11 06:33:46','2011-10-11 06:33:46'),
	(295,'syqsvv',73,5,2,'2011-10-11 06:33:46','2011-10-11 06:33:46'),
	(296,'n2jyjo',73,6,2,'2011-10-11 06:33:46','2011-10-11 06:33:46'),
	(297,'62x8ht',73,7,2,'2011-10-11 06:33:46','2011-10-11 06:33:46'),
	(298,'gen65g',73,8,2,'2011-10-11 06:33:46','2011-10-11 06:33:46'),
	(299,'sx5g4a',74,5,2,'2011-10-11 06:33:46','2011-10-11 06:33:46'),
	(300,'c8n778',74,6,2,'2011-10-11 06:33:46','2011-10-11 06:33:46'),
	(301,'c6yawb',74,7,2,'2011-10-11 06:33:46','2011-10-11 06:33:46'),
	(302,'wjd02p',74,8,2,'2011-10-11 06:33:46','2011-10-11 06:33:46'),
	(303,'pxka35',75,9,3,'2011-10-11 06:33:46','2011-10-11 06:33:46'),
	(304,'42wbh0',75,10,3,'2011-10-11 06:33:46','2011-10-11 06:33:46'),
	(305,'oyr7jp',75,11,3,'2011-10-11 06:33:46','2011-10-11 06:33:46'),
	(306,'dkz3rf',75,12,2,'2011-10-11 06:33:46','2011-10-11 06:33:46'),
	(307,'tq36hy',75,12,3,'2011-10-11 06:33:46','2011-10-11 06:33:46'),
	(308,'hodpdv',75,13,3,'2011-10-11 06:33:46','2011-10-11 06:33:46'),
	(309,'p2sczz',76,9,3,'2011-10-11 06:33:46','2011-10-11 06:33:46'),
	(310,'30g0ov',76,10,3,'2011-10-11 06:33:46','2011-10-11 06:33:46'),
	(311,'7gxadk',76,11,3,'2011-10-11 06:33:46','2011-10-11 06:33:46'),
	(312,'g4ot25',76,12,2,'2011-10-11 06:33:46','2011-10-11 06:33:46'),
	(313,'ng3aw0',76,12,3,'2011-10-11 06:33:46','2011-10-11 06:33:46'),
	(314,'mmhuet',76,13,3,'2011-10-11 06:33:46','2011-10-11 06:33:46'),
	(315,'hdfas5',77,9,3,'2011-10-11 06:33:46','2011-10-11 06:33:46'),
	(316,'mn4vbs',77,10,3,'2011-10-11 06:33:46','2011-10-11 06:33:46'),
	(317,'o8yn3n',77,11,3,'2011-10-11 06:33:46','2011-10-11 06:33:46'),
	(318,'n5kh52',77,12,2,'2011-10-11 06:33:46','2011-10-11 06:33:46'),
	(319,'rnj25t',77,12,3,'2011-10-11 06:33:46','2011-10-11 06:33:46'),
	(320,'ydmthu',77,13,3,'2011-10-11 06:33:46','2011-10-11 06:33:46'),
	(321,'gk5wdw',78,9,3,'2011-10-11 06:33:46','2011-10-11 06:33:46'),
	(322,'6srttr',78,10,3,'2011-10-11 06:33:46','2011-10-11 06:33:46'),
	(323,'kjao2r',78,11,3,'2011-10-11 06:33:46','2011-10-11 06:33:46'),
	(324,'gjuety',78,12,2,'2011-10-11 06:33:46','2011-10-11 06:33:46'),
	(325,'bupqvp',78,12,3,'2011-10-11 06:33:46','2011-10-11 06:33:46'),
	(326,'ev5kuf',78,13,3,'2011-10-11 06:33:46','2011-10-11 06:33:46'),
	(327,'hbh8e4',79,9,3,'2011-10-11 06:33:46','2011-10-11 06:33:46'),
	(328,'seondm',79,10,3,'2011-10-11 06:33:46','2011-10-11 06:33:46'),
	(329,'orf7cq',79,11,3,'2011-10-11 06:33:46','2011-10-11 06:33:46'),
	(330,'60y3m6',79,12,2,'2011-10-11 06:33:46','2011-10-11 06:33:46'),
	(331,'mwppfn',79,12,3,'2011-10-11 06:33:46','2011-10-11 06:33:46'),
	(332,'y2hssm',79,13,3,'2011-10-11 06:33:46','2011-10-11 06:33:46'),
	(333,'nuqxeq',80,9,3,'2011-10-11 06:33:46','2011-10-11 06:33:46'),
	(334,'4v44s2',80,10,3,'2011-10-11 06:33:46','2011-10-11 06:33:46'),
	(335,'qou5qu',80,11,3,'2011-10-11 06:33:46','2011-10-11 06:33:46'),
	(336,'gsodr2',80,12,2,'2011-10-11 06:33:46','2011-10-11 06:33:46'),
	(337,'j03vfa',80,12,3,'2011-10-11 06:33:46','2011-10-11 06:33:46'),
	(338,'q3goad',80,13,3,'2011-10-11 06:33:46','2011-10-11 06:33:46'),
	(339,'g4nqab',81,9,3,'2011-10-11 06:33:46','2011-10-11 06:33:46'),
	(340,'asb8oc',81,10,3,'2011-10-11 06:33:46','2011-10-11 06:33:46'),
	(341,'rpudrc',81,11,3,'2011-10-11 06:33:46','2011-10-11 06:33:46'),
	(342,'gyw65c',81,12,2,'2011-10-11 06:33:46','2011-10-11 06:33:46'),
	(343,'d3vf2s',81,12,3,'2011-10-11 06:33:46','2011-10-11 06:33:46'),
	(344,'p2euud',81,13,3,'2011-10-11 06:33:46','2011-10-11 06:33:46'),
	(345,'xzd4xz',82,9,3,'2011-10-11 06:33:46','2011-10-11 06:33:46'),
	(346,'4hfsjg',82,10,3,'2011-10-11 06:33:46','2011-10-11 06:33:46'),
	(347,'dcv62f',82,11,3,'2011-10-11 06:33:46','2011-10-11 06:33:46'),
	(348,'68owcw',82,12,2,'2011-10-11 06:33:46','2011-10-11 06:33:46'),
	(349,'6e02uv',82,12,3,'2011-10-11 06:33:46','2011-10-11 06:33:46'),
	(350,'rccaox',82,13,3,'2011-10-11 06:33:46','2011-10-11 06:33:46'),
	(351,'upntgz',83,9,3,'2011-10-11 06:33:46','2011-10-11 06:33:46'),
	(352,'8er3xy',83,10,3,'2011-10-11 06:33:46','2011-10-11 06:33:46'),
	(353,'rhjnm7',83,11,3,'2011-10-11 06:33:46','2011-10-11 06:33:46'),
	(354,'rmyjz7',83,12,2,'2011-10-11 06:33:46','2011-10-11 06:33:46'),
	(355,'dpwhut',83,12,3,'2011-10-11 06:33:46','2011-10-11 06:33:46'),
	(356,'b6hj0q',83,13,3,'2011-10-11 06:33:47','2011-10-11 06:33:47'),
	(357,'rtvdtj',84,9,3,'2011-10-11 06:33:47','2011-10-11 06:33:47'),
	(358,'qtdnpc',84,10,3,'2011-10-11 06:33:47','2011-10-11 06:33:47'),
	(359,'05mvvv',84,11,3,'2011-10-11 06:33:47','2011-10-11 06:33:47'),
	(360,'xn7mjy',84,12,2,'2011-10-11 06:33:47','2011-10-11 06:33:47'),
	(361,'ms586c',84,12,3,'2011-10-11 06:33:47','2011-10-11 06:33:47'),
	(362,'2yctak',84,13,3,'2011-10-11 06:33:47','2011-10-11 06:33:47'),
	(363,'egak4p',85,9,3,'2011-10-11 06:33:47','2011-10-11 06:33:47'),
	(364,'yubpy8',85,10,3,'2011-10-11 06:33:47','2011-10-11 06:33:47'),
	(365,'r2yxzr',85,11,3,'2011-10-11 06:33:47','2011-10-11 06:33:47'),
	(366,'wy3a3v',85,12,2,'2011-10-11 06:33:47','2011-10-11 06:33:47'),
	(367,'3pbxb3',85,12,3,'2011-10-11 06:33:47','2011-10-11 06:33:47'),
	(368,'t3vjfv',85,13,3,'2011-10-11 06:33:47','2011-10-11 06:33:47'),
	(369,'xgrobv',86,9,3,'2011-10-11 06:33:47','2011-10-11 06:33:47'),
	(370,'u3s6hj',86,10,3,'2011-10-11 06:33:47','2011-10-11 06:33:47'),
	(371,'jatm6a',86,11,3,'2011-10-11 06:33:47','2011-10-11 06:33:47'),
	(372,'qgynq2',86,12,2,'2011-10-11 06:33:47','2011-10-11 06:33:47'),
	(373,'p64pc2',86,12,3,'2011-10-11 06:33:47','2011-10-11 06:33:47'),
	(374,'xgab2c',86,13,3,'2011-10-11 06:33:47','2011-10-11 06:33:47'),
	(375,'8yzkjq',87,9,3,'2011-10-11 06:33:47','2011-10-11 06:33:47'),
	(376,'g3wt78',87,10,3,'2011-10-11 06:33:47','2011-10-11 06:33:47'),
	(377,'vc4fe5',87,11,3,'2011-10-11 06:33:47','2011-10-11 06:33:47'),
	(378,'duenwf',87,12,2,'2011-10-11 06:33:47','2011-10-11 06:33:47'),
	(379,'okxkz5',87,12,3,'2011-10-11 06:33:47','2011-10-11 06:33:47'),
	(380,'qpnhu5',87,13,3,'2011-10-11 06:33:47','2011-10-11 06:33:47'),
	(381,'ruat5d',88,9,3,'2011-10-11 06:33:47','2011-10-11 06:33:47'),
	(382,'bkgpbc',88,10,3,'2011-10-11 06:33:47','2011-10-11 06:33:47'),
	(383,'otapuy',88,11,3,'2011-10-11 06:33:47','2011-10-11 06:33:47'),
	(384,'tqbxha',88,12,2,'2011-10-11 06:33:47','2011-10-11 06:33:47'),
	(385,'r3jxjp',88,12,3,'2011-10-11 06:33:47','2011-10-11 06:33:47'),
	(386,'6unmuh',88,13,3,'2011-10-11 06:33:47','2011-10-11 06:33:47'),
	(387,'hrphwm',89,9,3,'2011-10-11 06:33:47','2011-10-11 06:33:47'),
	(388,'k8vvny',89,10,3,'2011-10-11 06:33:47','2011-10-11 06:33:47'),
	(389,'oe4533',89,11,3,'2011-10-11 06:33:47','2011-10-11 06:33:47'),
	(390,'s3edzj',89,12,2,'2011-10-11 06:33:47','2011-10-11 06:33:47'),
	(391,'8z4wev',89,12,3,'2011-10-11 06:33:47','2011-10-11 06:33:47'),
	(392,'c0ghyx',89,13,3,'2011-10-11 06:33:47','2011-10-11 06:33:47'),
	(393,'t825t7',90,9,3,'2011-10-11 06:33:47','2011-10-11 06:33:47'),
	(394,'mgydx3',90,10,3,'2011-10-11 06:33:47','2011-10-11 06:33:47'),
	(395,'2wzouo',90,11,3,'2011-10-11 06:33:47','2011-10-11 06:33:47'),
	(396,'zsptjr',90,12,2,'2011-10-11 06:33:47','2011-10-11 06:33:47'),
	(397,'8623fu',90,12,3,'2011-10-11 06:33:47','2011-10-11 06:33:47'),
	(398,'nr7u5m',90,13,3,'2011-10-11 06:33:47','2011-10-11 06:33:47'),
	(399,'6oj823',91,9,3,'2011-10-11 06:33:47','2011-10-11 06:33:47'),
	(400,'dauk7c',91,10,3,'2011-10-11 06:33:47','2011-10-11 06:33:47'),
	(401,'mejv45',91,11,3,'2011-10-11 06:33:47','2011-10-11 06:33:47'),
	(402,'cshgy0',91,12,2,'2011-10-11 06:33:47','2011-10-11 06:33:47'),
	(403,'sprarx',91,12,3,'2011-10-11 06:33:47','2011-10-11 06:33:47'),
	(404,'gow3r3',91,13,3,'2011-10-11 06:33:47','2011-10-11 06:33:47'),
	(405,'hoycmp',92,9,3,'2011-10-11 06:33:47','2011-10-11 06:33:47'),
	(406,'n8usfv',92,10,3,'2011-10-11 06:33:47','2011-10-11 06:33:47'),
	(407,'o36zo5',92,11,3,'2011-10-11 06:33:47','2011-10-11 06:33:47'),
	(408,'gmbqpu',92,12,2,'2011-10-11 06:33:47','2011-10-11 06:33:47'),
	(409,'mcwohe',92,12,3,'2011-10-11 06:33:47','2011-10-11 06:33:47'),
	(410,'x2q6yr',92,13,3,'2011-10-11 06:33:47','2011-10-11 06:33:47'),
	(411,'npda4b',93,9,3,'2011-10-11 06:33:47','2011-10-11 06:33:47'),
	(412,'ywaeae',93,10,3,'2011-10-11 06:33:47','2011-10-11 06:33:47'),
	(413,'d6swmw',93,11,3,'2011-10-11 06:33:47','2011-10-11 06:33:47'),
	(414,'3y3ytt',93,12,3,'2011-10-11 06:33:47','2011-10-11 06:33:47'),
	(415,'m267gm',93,13,3,'2011-10-11 06:33:47','2011-10-11 06:33:47'),
	(416,'fqfnnk',94,9,3,'2011-10-11 06:33:47','2011-10-11 06:33:47'),
	(417,'d4o5sq',94,10,3,'2011-10-11 06:33:47','2011-10-11 06:33:47'),
	(418,'hkgtd8',94,11,3,'2011-10-11 06:33:47','2011-10-11 06:33:47'),
	(419,'3qmmqj',94,12,3,'2011-10-11 06:33:47','2011-10-11 06:33:47'),
	(420,'fybx63',94,13,3,'2011-10-11 06:33:47','2011-10-11 06:33:47'),
	(421,'s6r882',95,9,3,'2011-10-11 06:33:47','2011-10-11 06:33:47'),
	(422,'7joth8',95,10,3,'2011-10-11 06:33:47','2011-10-11 06:33:47'),
	(423,'qgapj3',95,11,3,'2011-10-11 06:33:47','2011-10-11 06:33:47'),
	(424,'wa7476',95,12,3,'2011-10-11 06:33:47','2011-10-11 06:33:47'),
	(425,'m2z0rm',95,13,3,'2011-10-11 06:33:47','2011-10-11 06:33:47'),
	(426,'f4hc77',96,9,3,'2011-10-11 06:33:47','2011-10-11 06:33:47'),
	(427,'20037h',96,10,3,'2011-10-11 06:33:47','2011-10-11 06:33:47'),
	(428,'fvcqw5',96,11,3,'2011-10-11 06:33:47','2011-10-11 06:33:47'),
	(429,'ycpesp',96,12,3,'2011-10-11 06:33:47','2011-10-11 06:33:47'),
	(430,'o34xsj',96,13,3,'2011-10-11 06:33:47','2011-10-11 06:33:47'),
	(431,'ntz6ue',97,9,3,'2011-10-11 06:33:47','2011-10-11 06:33:47'),
	(432,'c3agvd',97,10,3,'2011-10-11 06:33:47','2011-10-11 06:33:47'),
	(433,'xtqsaj',97,11,3,'2011-10-11 06:33:47','2011-10-11 06:33:47'),
	(434,'p8bbom',97,12,3,'2011-10-11 06:33:47','2011-10-11 06:33:47'),
	(435,'vtk543',97,13,3,'2011-10-11 06:33:47','2011-10-11 06:33:47'),
	(436,'pb6zqk',98,9,3,'2011-10-11 06:33:47','2011-10-11 06:33:47'),
	(437,'ez88kg',98,10,3,'2011-10-11 06:33:47','2011-10-11 06:33:47'),
	(438,'ru6jb8',98,11,3,'2011-10-11 06:33:47','2011-10-11 06:33:47'),
	(439,'z70kyk',98,12,3,'2011-10-11 06:33:47','2011-10-11 06:33:47'),
	(440,'f4qhw5',98,13,3,'2011-10-11 06:33:47','2011-10-11 06:33:47'),
	(441,'exsq42',99,9,3,'2011-10-11 06:33:47','2011-10-11 06:33:47'),
	(442,'2jsuby',99,10,3,'2011-10-11 06:33:47','2011-10-11 06:33:47'),
	(443,'zn7pom',99,11,3,'2011-10-11 06:33:47','2011-10-11 06:33:47'),
	(444,'rof6qp',99,12,3,'2011-10-11 06:33:47','2011-10-11 06:33:47'),
	(445,'dnwqk5',99,13,3,'2011-10-11 06:33:47','2011-10-11 06:33:47'),
	(446,'ze0fzw',100,9,3,'2011-10-11 06:33:47','2011-10-11 06:33:47'),
	(447,'jq546m',100,10,3,'2011-10-11 06:33:47','2011-10-11 06:33:47'),
	(448,'tnembd',100,11,3,'2011-10-11 06:33:47','2011-10-11 06:33:47'),
	(449,'a2ff5g',100,12,3,'2011-10-11 06:33:47','2011-10-11 06:33:47'),
	(450,'pq4u8q',100,13,3,'2011-10-11 06:33:47','2011-10-11 06:33:47'),
	(451,'fdswr0',101,9,3,'2011-10-11 06:33:47','2011-10-11 06:33:47'),
	(452,'3sjf7h',101,10,3,'2011-10-11 06:33:47','2011-10-11 06:33:47'),
	(453,'36zgd2',101,11,3,'2011-10-11 06:33:47','2011-10-11 06:33:47'),
	(454,'nvavnu',101,12,3,'2011-10-11 06:33:47','2011-10-11 06:33:47'),
	(455,'3cghrd',101,13,3,'2011-10-11 06:33:47','2011-10-11 06:33:47'),
	(456,'8uomwu',102,9,3,'2011-10-11 06:33:47','2011-10-11 06:33:47'),
	(457,'7nzh3e',102,10,3,'2011-10-11 06:33:47','2011-10-11 06:33:47'),
	(458,'3u4x6p',102,11,3,'2011-10-11 06:33:47','2011-10-11 06:33:47'),
	(459,'5ag4xe',102,12,3,'2011-10-11 06:33:47','2011-10-11 06:33:47'),
	(460,'ecvtx7',102,13,3,'2011-10-11 06:33:47','2011-10-11 06:33:47'),
	(461,'cv5hrk',103,9,3,'2011-10-11 06:33:47','2011-10-11 06:33:47'),
	(462,'f0m52z',103,10,3,'2011-10-11 06:33:47','2011-10-11 06:33:47'),
	(463,'63eovw',103,11,3,'2011-10-11 06:33:47','2011-10-11 06:33:47'),
	(464,'vpm3dm',103,12,3,'2011-10-11 06:33:47','2011-10-11 06:33:47'),
	(465,'eda3gx',103,13,3,'2011-10-11 06:33:47','2011-10-11 06:33:47'),
	(466,'ce87qs',104,9,3,'2011-10-11 06:33:47','2011-10-11 06:33:47'),
	(467,'667sbj',104,10,3,'2011-10-11 06:33:47','2011-10-11 06:33:47'),
	(468,'5pdtwv',104,11,3,'2011-10-11 06:33:47','2011-10-11 06:33:47'),
	(469,'37krya',104,12,3,'2011-10-11 06:33:47','2011-10-11 06:33:47'),
	(470,'4owfjh',104,13,3,'2011-10-11 06:33:47','2011-10-11 06:33:47'),
	(471,'7fab25',105,9,3,'2011-10-11 06:33:47','2011-10-11 06:33:47'),
	(472,'4m0nu4',105,10,3,'2011-10-11 06:33:47','2011-10-11 06:33:47'),
	(473,'780hdf',105,11,3,'2011-10-11 06:33:47','2011-10-11 06:33:47'),
	(474,'nrmej7',105,12,3,'2011-10-11 06:33:47','2011-10-11 06:33:47'),
	(475,'5yzvn7',105,13,3,'2011-10-11 06:33:47','2011-10-11 06:33:47'),
	(476,'q7vqzk',106,9,3,'2011-10-11 06:33:47','2011-10-11 06:33:47'),
	(477,'y42k8g',106,10,3,'2011-10-11 06:33:47','2011-10-11 06:33:47'),
	(478,'ovw3za',106,11,3,'2011-10-11 06:33:47','2011-10-11 06:33:47'),
	(479,'r8om4q',106,12,3,'2011-10-11 06:33:47','2011-10-11 06:33:47'),
	(480,'3h3kku',106,13,3,'2011-10-11 06:33:47','2011-10-11 06:33:47'),
	(481,'hw464g',107,9,3,'2011-10-11 06:33:47','2011-10-11 06:33:47'),
	(482,'vbgbyp',107,10,3,'2011-10-11 06:33:47','2011-10-11 06:33:47'),
	(483,'0vcfat',107,11,3,'2011-10-11 06:33:47','2011-10-11 06:33:47'),
	(484,'dqny7e',107,12,3,'2011-10-11 06:33:47','2011-10-11 06:33:47'),
	(485,'664zn4',107,13,3,'2011-10-11 06:33:47','2011-10-11 06:33:47'),
	(486,'68x633',108,9,3,'2011-10-11 06:33:47','2011-10-11 06:33:47'),
	(487,'oa2o7b',108,10,3,'2011-10-11 06:33:47','2011-10-11 06:33:47'),
	(488,'eeud5n',108,11,3,'2011-10-11 06:33:47','2011-10-11 06:33:47'),
	(489,'hatqpm',108,12,3,'2011-10-11 06:33:47','2011-10-11 06:33:47'),
	(490,'trnsd5',108,13,3,'2011-10-11 06:33:47','2011-10-11 06:33:47'),
	(491,'jcczga',109,9,8,'2011-10-11 06:33:47','2011-10-11 06:33:47'),
	(492,'25xdtb',109,9,3,'2011-10-11 06:33:47','2011-10-11 06:33:47'),
	(493,'7rkp78',109,10,3,'2011-10-11 06:33:47','2011-10-11 06:33:47'),
	(494,'hcxb7a',109,11,3,'2011-10-11 06:33:47','2011-10-11 06:33:47'),
	(495,'bfmp0m',109,12,8,'2011-10-11 06:33:47','2011-10-11 06:33:47'),
	(496,'fssyyf',109,12,3,'2011-10-11 06:33:47','2011-10-11 06:33:47'),
	(497,'r2znkq',109,13,3,'2011-10-11 06:33:47','2011-10-11 06:33:47'),
	(498,'ft3kt6',110,9,8,'2011-10-11 06:33:47','2011-10-11 06:33:47'),
	(499,'0zrn7w',110,9,3,'2011-10-11 06:33:47','2011-10-11 06:33:47'),
	(500,'se8s3a',110,10,3,'2011-10-11 06:33:47','2011-10-11 06:33:47'),
	(501,'53fd34',110,11,3,'2011-10-11 06:33:47','2011-10-11 06:33:47'),
	(502,'2pvyno',110,12,8,'2011-10-11 06:33:47','2011-10-11 06:33:47'),
	(503,'ye7m7o',110,12,3,'2011-10-11 06:33:47','2011-10-11 06:33:47'),
	(504,'tm3zf5',110,13,3,'2011-10-11 06:33:47','2011-10-11 06:33:47'),
	(505,'uh5gnc',111,9,8,'2011-10-11 06:33:47','2011-10-11 06:33:47'),
	(506,'mwjq8t',111,9,3,'2011-10-11 06:33:47','2011-10-11 06:33:47'),
	(507,'zfk4hn',111,10,3,'2011-10-11 06:33:47','2011-10-11 06:33:47'),
	(508,'ebt58q',111,11,3,'2011-10-11 06:33:47','2011-10-11 06:33:47'),
	(509,'u02qo8',111,12,8,'2011-10-11 06:33:47','2011-10-11 06:33:47'),
	(510,'xs5t6d',111,12,3,'2011-10-11 06:33:47','2011-10-11 06:33:47'),
	(511,'ho8sch',111,13,3,'2011-10-11 06:33:47','2011-10-11 06:33:47'),
	(512,'w6to75',112,9,8,'2011-10-11 06:33:47','2011-10-11 06:33:47'),
	(513,'40gfou',112,9,3,'2011-10-11 06:33:47','2011-10-11 06:33:47'),
	(514,'f700ka',112,10,3,'2011-10-11 06:33:47','2011-10-11 06:33:47'),
	(515,'edc8mt',112,11,3,'2011-10-11 06:33:47','2011-10-11 06:33:47'),
	(516,'ubryj5',112,12,8,'2011-10-11 06:33:47','2011-10-11 06:33:47'),
	(517,'bdwx6j',112,12,3,'2011-10-11 06:33:47','2011-10-11 06:33:47'),
	(518,'fkd6tp',112,13,3,'2011-10-11 06:33:47','2011-10-11 06:33:47');

/*!40000 ALTER TABLE `passwords` ENABLE KEYS */;
UNLOCK TABLES;


# Dump of table practices
# ------------------------------------------------------------

DROP TABLE IF EXISTS `practices`;

CREATE TABLE `practices` (
  `id` int(11) NOT NULL AUTO_INCREMENT,
  `consolidated` varchar(255) COLLATE utf8_unicode_ci DEFAULT NULL,
  `to_be_improved` varchar(255) COLLATE utf8_unicode_ci DEFAULT NULL,
  `dimension_id` int(11) DEFAULT NULL,
  `school_id` int(11) DEFAULT NULL,
  `segment_id` int(11) DEFAULT NULL,
  `created_at` datetime DEFAULT NULL,
  `updated_at` datetime DEFAULT NULL,
  PRIMARY KEY (`id`)
) ENGINE=InnoDB DEFAULT CHARSET=utf8 COLLATE=utf8_unicode_ci;



# Dump of table presences
# ------------------------------------------------------------

DROP TABLE IF EXISTS `presences`;

CREATE TABLE `presences` (
  `id` int(11) NOT NULL AUTO_INCREMENT,
  `name` varchar(255) COLLATE utf8_unicode_ci DEFAULT NULL,
  `school_id` int(11) DEFAULT NULL,
  `segment_id` int(11) DEFAULT NULL,
  `created_at` datetime DEFAULT NULL,
  `updated_at` datetime DEFAULT NULL,
  PRIMARY KEY (`id`)
) ENGINE=InnoDB DEFAULT CHARSET=utf8 COLLATE=utf8_unicode_ci;



# Dump of table question_texts
# ------------------------------------------------------------

DROP TABLE IF EXISTS `question_texts`;

CREATE TABLE `question_texts` (
  `id` int(11) NOT NULL AUTO_INCREMENT,
  `text` varchar(255) COLLATE utf8_unicode_ci DEFAULT NULL,
  `question_id` int(11) DEFAULT NULL,
  `segment_id` int(11) DEFAULT NULL,
  `created_at` datetime DEFAULT NULL,
  `updated_at` datetime DEFAULT NULL,
  PRIMARY KEY (`id`)
) ENGINE=InnoDB DEFAULT CHARSET=utf8 COLLATE=utf8_unicode_ci;



# Dump of table questions
# ------------------------------------------------------------

DROP TABLE IF EXISTS `questions`;

CREATE TABLE `questions` (
  `id` int(11) NOT NULL AUTO_INCREMENT,
  `number` int(11) DEFAULT NULL,
  `service_level_id` int(11) DEFAULT NULL,
  `indicator_id` int(11) DEFAULT NULL,
  `created_at` datetime DEFAULT NULL,
  `updated_at` datetime DEFAULT NULL,
  PRIMARY KEY (`id`)
) ENGINE=InnoDB DEFAULT CHARSET=utf8 COLLATE=utf8_unicode_ci;



# Dump of table schema_migrations
# ------------------------------------------------------------

DROP TABLE IF EXISTS `schema_migrations`;

CREATE TABLE `schema_migrations` (
  `version` varchar(255) COLLATE utf8_unicode_ci NOT NULL,
  UNIQUE KEY `unique_schema_migrations` (`version`)
) ENGINE=InnoDB DEFAULT CHARSET=utf8 COLLATE=utf8_unicode_ci;

LOCK TABLES `schema_migrations` WRITE;
/*!40000 ALTER TABLE `schema_migrations` DISABLE KEYS */;

INSERT INTO `schema_migrations` (`version`)
VALUES
	('20110816224847'),
	('20110816224925'),
	('20110816224944'),
	('20110816225153'),
	('20110816225205'),
	('20110817000042'),
	('20110817000115'),
	('20110817040226'),
	('20110817090929'),
	('20110817091112'),
	('20110817112225'),
	('20110817134333'),
	('20110825234001'),
	('20110825234002'),
	('20110826024001'),
	('20110827153513'),
	('20111008201336');

/*!40000 ALTER TABLE `schema_migrations` ENABLE KEYS */;
UNLOCK TABLES;


# Dump of table schools
# ------------------------------------------------------------

DROP TABLE IF EXISTS `schools`;

CREATE TABLE `schools` (
  `id` int(11) NOT NULL AUTO_INCREMENT,
  `name` varchar(255) COLLATE utf8_unicode_ci DEFAULT NULL,
  `service_level_id` int(11) DEFAULT NULL,
  `created_at` datetime DEFAULT NULL,
  `updated_at` datetime DEFAULT NULL,
  PRIMARY KEY (`id`)
) ENGINE=InnoDB DEFAULT CHARSET=utf8 COLLATE=utf8_unicode_ci;

LOCK TABLES `schools` WRITE;
/*!40000 ALTER TABLE `schools` DISABLE KEYS */;

INSERT INTO `schools` (`id`, `name`, `service_level_id`, `created_at`, `updated_at`)
VALUES
	(1,'CEI 02 Marina Grohmann, Profª',NULL,'2011-10-11 06:33:36','2011-10-11 06:33:36'),
	(2,'CEI 03 Zizi de Almeida, Dona',NULL,'2011-10-11 06:33:36','2011-10-11 06:33:36'),
	(3,'CEI 05 Antonio Amábile',NULL,'2011-10-11 06:33:36','2011-10-11 06:33:36'),
	(4,'CEI 07 Francisca Moura Pereira da Silva',NULL,'2011-10-11 06:33:36','2011-10-11 06:33:36'),
	(5,'CEI 08 Messias Ribeiro de Noronha Cunha, Profº',NULL,'2011-10-11 06:33:36','2011-10-11 06:33:36'),
	(6,'CEI 09 Fernando Rios, Prof.',NULL,'2011-10-11 06:33:36','2011-10-11 06:33:36'),
	(7,'CEI 10 Eglatina Rocco Perli',NULL,'2011-10-11 06:33:36','2011-10-11 06:33:36'),
	(8,'CEI 11 Tercília Freire, Dona',NULL,'2011-10-11 06:33:36','2011-10-11 06:33:36'),
	(9,'CEI 13 Aluisio de Almeida',NULL,'2011-10-11 06:33:36','2011-10-11 06:33:36'),
	(10,'CEI 14 Carlos Reinaldo Mendes, Eng°',NULL,'2011-10-11 06:33:36','2011-10-11 06:33:36'),
	(11,'CEI 15 Terezinha Lucas Fernandes, Profª',NULL,'2011-10-11 06:33:36','2011-10-11 06:33:36'),
	(12,'CEI 16 Beatriz de Moraes Leite Fogaça, Profª',NULL,'2011-10-11 06:33:36','2011-10-11 06:33:36'),
	(13,'CEI 17 Issa Latuf',NULL,'2011-10-11 06:33:36','2011-10-11 06:33:36'),
	(14,'CEI 18 Miguel Cheda',NULL,'2011-10-11 06:33:36','2011-10-11 06:33:36'),
	(15,'CEI 20 Victória Salus Lara',NULL,'2011-10-11 06:33:36','2011-10-11 06:33:36'),
	(16,'CEI 21 Aureliano Rodrigues',NULL,'2011-10-11 06:33:36','2011-10-11 06:33:36'),
	(17,'CEI 22 Victor Pedroso, Dr.',NULL,'2011-10-11 06:33:36','2011-10-11 06:33:36'),
	(18,'CEI 23 Dolores Cupiam do Amaral',NULL,'2011-10-11 06:33:36','2011-10-11 06:33:36'),
	(19,'CEI 25 Jorge Frederico Scherepel',NULL,'2011-10-11 06:33:36','2011-10-11 06:33:36'),
	(20,'CEI 26 Luiz de Sanctis',NULL,'2011-10-11 06:33:36','2011-10-11 06:33:36'),
	(21,'CEI 27 Christina dos Reis, Profª',NULL,'2011-10-11 06:33:36','2011-10-11 06:33:36'),
	(22,'CEI 28 Rauldinéia Esteves Machado',NULL,'2011-10-11 06:33:36','2011-10-11 06:33:36'),
	(23,'CEI 30 Maria Pedroso Bellotti',NULL,'2011-10-11 06:33:37','2011-10-11 06:33:37'),
	(24,'CEI 31 Victoria Haddad Sayeg',NULL,'2011-10-11 06:33:37','2011-10-11 06:33:37'),
	(25,'CEI 34 Alberto Grosso',NULL,'2011-10-11 06:33:37','2011-10-11 06:33:37'),
	(26,'CEI 35 Maria Ondina Soares Vial Brunetto',NULL,'2011-10-11 06:33:37','2011-10-11 06:33:37'),
	(27,'CEI 36 Abney Medeiros Carneiro, Drª',NULL,'2011-10-11 06:33:37','2011-10-11 06:33:37'),
	(28,'CEI 38 Maria Garcia Vecina',NULL,'2011-10-11 06:33:37','2011-10-11 06:33:37'),
	(29,'CEI 39 Sha\'ar Hanegev',NULL,'2011-10-11 06:33:37','2011-10-11 06:33:37'),
	(30,'CEI 40 Duzolina Batiolla Pagliato, Dona',NULL,'2011-10-11 06:33:37','2011-10-11 06:33:37'),
	(31,'CEI 41 Antonio Fratti',NULL,'2011-10-11 06:33:37','2011-10-11 06:33:37'),
	(32,'CEI 43 Vera Lúcia Momesso Maldonado, Profª',NULL,'2011-10-11 06:33:37','2011-10-11 06:33:37'),
	(33,'CEI 44 Luiz Ribeiro',NULL,'2011-10-11 06:33:37','2011-10-11 06:33:37'),
	(34,'CEI 45 Diva Ferreira Cordeiro',NULL,'2011-10-11 06:33:37','2011-10-11 06:33:37'),
	(35,'CEI 46 Ernesto Martins',NULL,'2011-10-11 06:33:37','2011-10-11 06:33:37'),
	(36,'CEI 47 Betty Souza Oliveira, Profª',NULL,'2011-10-11 06:33:37','2011-10-11 06:33:37'),
	(37,'CEI 48 Achilles Kloeckner, Frei',NULL,'2011-10-11 06:33:37','2011-10-11 06:33:37'),
	(38,'CEI 50 Alípio Guerra da Cunha, Profº',NULL,'2011-10-11 06:33:37','2011-10-11 06:33:37'),
	(39,'CEI 51 Rubens Vieira',NULL,'2011-10-11 06:33:37','2011-10-11 06:33:37'),
	(40,'CEI 52 Olga Chibau Fornazieiro',NULL,'2011-10-11 06:33:37','2011-10-11 06:33:37'),
	(41,'CEI 53 Benjamin Felipe Grizzi',NULL,'2011-10-11 06:33:37','2011-10-11 06:33:37'),
	(42,'CEI 54 Sônia Aparecida Machado',NULL,'2011-10-11 06:33:37','2011-10-11 06:33:37'),
	(43,'CEI 57 João Salerno, Engº',NULL,'2011-10-11 06:33:37','2011-10-11 06:33:37'),
	(44,'CEI 58 Dulce Puppo de Oliveira Pinheiros, Profª',NULL,'2011-10-11 06:33:37','2011-10-11 06:33:37'),
	(45,'CEI 59 Eugênio Leite',NULL,'2011-10-11 06:33:37','2011-10-11 06:33:37'),
	(46,'CEI 60 Anna Rusconi',NULL,'2011-10-11 06:33:37','2011-10-11 06:33:37'),
	(47,'CEI 61 Yolanda Rizzo',NULL,'2011-10-11 06:33:37','2011-10-11 06:33:37'),
	(48,'CEI 62 Antônio Simon Sola, Monsenhor',NULL,'2011-10-11 06:33:37','2011-10-11 06:33:37'),
	(49,'CEI 63 Reynaldo D\'Alessandro',NULL,'2011-10-11 06:33:37','2011-10-11 06:33:37'),
	(50,'CEI 64 Joana Simon Sola',NULL,'2011-10-11 06:33:37','2011-10-11 06:33:37'),
	(51,'CEI 65 Santo Agostinho',NULL,'2011-10-11 06:33:37','2011-10-11 06:33:37'),
	(52,'CEI 66 Frat. Feminina Cruzeiro do Sul',NULL,'2011-10-11 06:33:37','2011-10-11 06:33:37'),
	(53,'CEI 67 Maria das Graças A P Nardi, Profª',NULL,'2011-10-11 06:33:37','2011-10-11 06:33:37'),
	(54,'CEI 68 Gladys Moeckel de Togni Amaral',NULL,'2011-10-11 06:33:37','2011-10-11 06:33:37'),
	(55,'CEI 69 Ester Bueno de Camargo Nascimento, Profª',NULL,'2011-10-11 06:33:37','2011-10-11 06:33:37'),
	(56,'CEI 70 Adail Odin Arruda, Profº',NULL,'2011-10-11 06:33:37','2011-10-11 06:33:37'),
	(57,'CEI 71 Yolanda Prestes Neder, Profª',NULL,'2011-10-11 06:33:37','2011-10-11 06:33:37'),
	(58,'CEI 72 Sueli Gazzolli Campos, Profª',NULL,'2011-10-11 06:33:37','2011-10-11 06:33:37'),
	(59,'CEI 73 Matilde Gavin',NULL,'2011-10-11 06:33:37','2011-10-11 06:33:37'),
	(60,'CEI 74 Maria de Castro Affonso Marins, Profª',NULL,'2011-10-11 06:33:37','2011-10-11 06:33:37'),
	(61,'CEI 75 Alcir Guedes Ribeiro, Jornalista',NULL,'2011-10-11 06:33:37','2011-10-11 06:33:37'),
	(62,'CEI 76 Menino Jesus',NULL,'2011-10-11 06:33:37','2011-10-11 06:33:37'),
	(63,'CEI 77 Olga de Toledo Lara, Profª',NULL,'2011-10-11 06:33:37','2011-10-11 06:33:37'),
	(64,'CEI 78 Ettore Marangoni',NULL,'2011-10-11 06:33:37','2011-10-11 06:33:37'),
	(65,'CEI 79 João Tortello, Prof.',NULL,'2011-10-11 06:33:37','2011-10-11 06:33:37'),
	(66,'CEI 80 - Ana Rosa Judice Moreira Zanussi de Oliveira, Profª',NULL,'2011-10-11 06:33:37','2011-10-11 06:33:37'),
	(67,'CEI 81 Edith Del Cistia Santos, Profª',NULL,'2011-10-11 06:33:37','2011-10-11 06:33:37'),
	(68,'CEI 82 Benedito Marçal – Didi, Prof.',NULL,'2011-10-11 06:33:37','2011-10-11 06:33:37'),
	(69,'CEI 83 Maria Carmen Rodrigues Sacker',NULL,'2011-10-11 06:33:37','2011-10-11 06:33:37'),
	(70,'CEI 84 Osmar de Almeida',NULL,'2011-10-11 06:33:37','2011-10-11 06:33:37'),
	(71,'CEI 85 Maria Regina A. Godoy',NULL,'2011-10-11 06:33:37','2011-10-11 06:33:37'),
	(72,'CEI 86 Jorge Luís Prestes Del Cistia',NULL,'2011-10-11 06:33:37','2011-10-11 06:33:37'),
	(73,'CEI 87 Cássio Rosa, Dr.',NULL,'2011-10-11 06:33:37','2011-10-11 06:33:37'),
	(74,'CEI 88 Vera Apparecida Guariglia dos Santos, Profª',NULL,'2011-10-11 06:33:37','2011-10-11 06:33:37'),
	(75,'Ary de Oliveira Seabra',NULL,'2011-10-11 06:33:37','2011-10-11 06:33:37'),
	(76,'Avelino Leite de Camargo',NULL,'2011-10-11 06:33:37','2011-10-11 06:33:37'),
	(77,'Duljara F. de Oliveira',NULL,'2011-10-11 06:33:37','2011-10-11 06:33:37'),
	(78,'Genny Kalil Milego',NULL,'2011-10-11 06:33:37','2011-10-11 06:33:37'),
	(79,'Inêz Rodrigues Cesarotti',NULL,'2011-10-11 06:33:37','2011-10-11 06:33:37'),
	(80,'José Mendes',NULL,'2011-10-11 06:33:37','2011-10-11 06:33:37'),
	(81,'Léa Edy Alonso Saliba, Profª',NULL,'2011-10-11 06:33:37','2011-10-11 06:33:37'),
	(82,'Maria de Lourdes Ayres de Moraes, Profª',NULL,'2011-10-11 06:33:37','2011-10-11 06:33:37'),
	(83,'Maria Domingas Tótora de Góes',NULL,'2011-10-11 06:33:37','2011-10-11 06:33:37'),
	(84,'Maria Ignez Figueiredo Deluno, Profª',NULL,'2011-10-11 06:33:37','2011-10-11 06:33:37'),
	(85,'Norma Justa Dall\'Ara, Profª',NULL,'2011-10-11 06:33:37','2011-10-11 06:33:37'),
	(86,'Oswaldo Duarte',NULL,'2011-10-11 06:33:37','2011-10-11 06:33:37'),
	(87,'Paulo Fernando Nóbrega Tortello',NULL,'2011-10-11 06:33:37','2011-10-11 06:33:37'),
	(88,'Tereza Ciambelli Gianni',NULL,'2011-10-11 06:33:37','2011-10-11 06:33:37'),
	(89,'Walter Carretero',NULL,'2011-10-11 06:33:37','2011-10-11 06:33:37'),
	(90,'João Francisco Rosa',NULL,'2011-10-11 06:33:37','2011-10-11 06:33:37'),
	(91,'Quinzinho de Barros',NULL,'2011-10-11 06:33:37','2011-10-11 06:33:37'),
	(92,'Rosa Cury',NULL,'2011-10-11 06:33:37','2011-10-11 06:33:37'),
	(93,'Julica Bierrenbach,Profª',NULL,'2011-10-11 06:33:37','2011-10-11 06:33:37'),
	(94,'Matheus Maylasky',NULL,'2011-10-11 06:33:37','2011-10-11 06:33:37'),
	(95,'Sorocaba-Leste',NULL,'2011-10-11 06:33:37','2011-10-11 06:33:37'),
	(96,'GENEBRA',NULL,'2011-10-11 06:33:37','2011-10-11 06:33:37'),
	(97,'Basílio da Costa Daemon',NULL,'2011-10-11 06:33:37','2011-10-11 06:33:37'),
	(98,'Benedicto José Nunes',NULL,'2011-10-11 06:33:37','2011-10-11 06:33:37'),
	(99,'Darlene Devasto',NULL,'2011-10-11 06:33:37','2011-10-11 06:33:37'),
	(100,'Edemir Antonio Digiampietri',NULL,'2011-10-11 06:33:37','2011-10-11 06:33:37'),
	(101,'Edward F. Marciano da Silva',NULL,'2011-10-11 06:33:37','2011-10-11 06:33:37'),
	(102,'Hélio Rosa Baldy',NULL,'2011-10-11 06:33:37','2011-10-11 06:33:37'),
	(103,'Irineu Leister',NULL,'2011-10-11 06:33:37','2011-10-11 06:33:37'),
	(104,'Josefina Zilia de Carvalho',NULL,'2011-10-11 06:33:37','2011-10-11 06:33:37'),
	(105,'Luiz de Almeida Marins',NULL,'2011-10-11 06:33:37','2011-10-11 06:33:37'),
	(106,'Mª de Lourdes M. Martinez',NULL,'2011-10-11 06:33:37','2011-10-11 06:33:37'),
	(107,'Oswaldo de Oliveira',NULL,'2011-10-11 06:33:37','2011-10-11 06:33:37'),
	(108,'Zilah Dias de Mello Schrepel',NULL,'2011-10-11 06:33:37','2011-10-11 06:33:37'),
	(109,'Achilles de Almeida',NULL,'2011-10-11 06:33:37','2011-10-11 06:33:37'),
	(110,'Flávio de Souza Nogueira',NULL,'2011-10-11 06:33:37','2011-10-11 06:33:37'),
	(111,'Getúlio Vargas',NULL,'2011-10-11 06:33:37','2011-10-11 06:33:37'),
	(112,'Leonor Pinto Thomaz',NULL,'2011-10-11 06:33:37','2011-10-11 06:33:37');

/*!40000 ALTER TABLE `schools` ENABLE KEYS */;
UNLOCK TABLES;


# Dump of table schools_service_levels
# ------------------------------------------------------------

DROP TABLE IF EXISTS `schools_service_levels`;

CREATE TABLE `schools_service_levels` (
  `service_level_id` int(11) NOT NULL,
  `school_id` int(11) NOT NULL
) ENGINE=InnoDB DEFAULT CHARSET=utf8 COLLATE=utf8_unicode_ci;

LOCK TABLES `schools_service_levels` WRITE;
/*!40000 ALTER TABLE `schools_service_levels` DISABLE KEYS */;

INSERT INTO `schools_service_levels` (`service_level_id`, `school_id`)
VALUES
	(2,1),
	(2,2),
	(2,3),
	(2,4),
	(2,5),
	(2,6),
	(2,7),
	(3,7),
	(2,8),
	(2,9),
	(3,9),
	(2,10),
	(3,10),
	(2,11),
	(2,12),
	(2,13),
	(2,14),
	(2,15),
	(2,16),
	(2,17),
	(2,18),
	(2,19),
	(2,20),
	(2,21),
	(2,22),
	(2,23),
	(2,24),
	(2,25),
	(2,26),
	(2,27),
	(2,28),
	(2,29),
	(2,30),
	(2,31),
	(2,32),
	(2,33),
	(2,34),
	(2,35),
	(2,36),
	(2,37),
	(2,38),
	(2,39),
	(2,40),
	(2,41),
	(2,42),
	(2,43),
	(2,44),
	(2,45),
	(2,46),
	(2,47),
	(2,48),
	(2,49),
	(2,50),
	(2,51),
	(2,52),
	(2,53),
	(2,54),
	(2,55),
	(2,56),
	(2,57),
	(2,58),
	(2,59),
	(2,60),
	(2,61),
	(2,62),
	(2,63),
	(2,64),
	(2,65),
	(2,66),
	(2,67),
	(2,68),
	(2,69),
	(2,70),
	(2,71),
	(2,72),
	(2,73),
	(2,74),
	(2,75),
	(3,75),
	(2,76),
	(3,76),
	(2,77),
	(3,77),
	(2,78),
	(3,78),
	(2,79),
	(3,79),
	(2,80),
	(3,80),
	(2,81),
	(3,81),
	(2,82),
	(3,82),
	(2,83),
	(3,83),
	(2,84),
	(3,84),
	(2,85),
	(3,85),
	(2,86),
	(3,86),
	(2,87),
	(3,87),
	(2,88),
	(3,88),
	(2,89),
	(3,89),
	(2,90),
	(3,90),
	(2,91),
	(3,91),
	(2,92),
	(3,92),
	(3,93),
	(3,94),
	(3,95),
	(3,96),
	(3,97),
	(3,98),
	(3,99),
	(3,100),
	(3,101),
	(3,102),
	(3,103),
	(3,104),
	(3,105),
	(3,106),
	(3,107),
	(3,108),
	(3,109),
	(8,109),
	(3,110),
	(8,110),
	(3,111),
	(8,111),
	(3,112),
	(8,112);

/*!40000 ALTER TABLE `schools_service_levels` ENABLE KEYS */;
UNLOCK TABLES;


# Dump of table segments
# ------------------------------------------------------------

DROP TABLE IF EXISTS `segments`;

CREATE TABLE `segments` (
  `id` int(11) NOT NULL AUTO_INCREMENT,
  `name` varchar(255) COLLATE utf8_unicode_ci DEFAULT NULL,
  `service_level_id` int(11) DEFAULT NULL,
  `created_at` datetime DEFAULT NULL,
  `updated_at` datetime DEFAULT NULL,
  PRIMARY KEY (`id`)
) ENGINE=InnoDB DEFAULT CHARSET=utf8 COLLATE=utf8_unicode_ci;

LOCK TABLES `segments` WRITE;
/*!40000 ALTER TABLE `segments` DISABLE KEYS */;

INSERT INTO `segments` (`id`, `name`, `service_level_id`, `created_at`, `updated_at`)
VALUES
	(1,'Familiares',1,'2011-10-11 06:33:36','2011-10-11 06:33:36'),
	(2,'Funcionários',1,'2011-10-11 06:33:36','2011-10-11 06:33:36'),
	(3,'Professores',1,'2011-10-11 06:33:36','2011-10-11 06:33:36'),
	(4,'Gestores',1,'2011-10-11 06:33:36','2011-10-11 06:33:36'),
	(5,'Familiares',2,'2011-10-11 06:33:36','2011-10-11 06:33:36'),
	(6,'Funcionários',2,'2011-10-11 06:33:36','2011-10-11 06:33:36'),
	(7,'Professores',2,'2011-10-11 06:33:36','2011-10-11 06:33:36'),
	(8,'Gestores',2,'2011-10-11 06:33:36','2011-10-11 06:33:36'),
	(9,'Educandos',3,'2011-10-11 06:33:36','2011-10-11 06:33:36'),
	(10,'Familiares',3,'2011-10-11 06:33:36','2011-10-11 06:33:36'),
	(11,'Funcionários',3,'2011-10-11 06:33:36','2011-10-11 06:33:36'),
	(12,'Professores',3,'2011-10-11 06:33:36','2011-10-11 06:33:36'),
	(13,'Gestores',3,'2011-10-11 06:33:36','2011-10-11 06:33:36'),
	(14,'Educandos',4,'2011-10-11 06:33:36','2011-10-11 06:33:36'),
	(15,'Funcionários',4,'2011-10-11 06:33:36','2011-10-11 06:33:36'),
	(16,'Gestores',4,'2011-10-11 06:33:36','2011-10-11 06:33:36'),
	(17,'Professores',4,'2011-10-11 06:33:36','2011-10-11 06:33:36'),
	(18,'Trabalhadores',5,'2011-10-11 06:33:36','2011-10-11 06:33:36'),
	(19,'Gestores',5,'2011-10-11 06:33:36','2011-10-11 06:33:36'),
	(20,'Familiares',5,'2011-10-11 06:33:36','2011-10-11 06:33:36'),
	(21,'Educandos',8,'2011-10-11 06:33:36','2011-10-11 06:33:36'),
	(22,'Familiares',8,'2011-10-11 06:33:36','2011-10-11 06:33:36'),
	(23,'Funcionários',8,'2011-10-11 06:33:36','2011-10-11 06:33:36'),
	(24,'Professores',8,'2011-10-11 06:33:36','2011-10-11 06:33:36'),
	(25,'Gestores',8,'2011-10-11 06:33:36','2011-10-11 06:33:36'),
	(26,'Professores',7,'2011-10-11 06:33:36','2011-10-11 06:33:36'),
	(27,'Gestores',6,'2011-10-11 06:33:36','2011-10-11 06:33:36'),
	(28,'Coordenadores pedagógicos',6,'2011-10-11 06:33:36','2011-10-11 06:33:36'),
	(29,'Professores',6,'2011-10-11 06:33:36','2011-10-11 06:33:36'),
	(30,'Funcionários de apoio',6,'2011-10-11 06:33:36','2011-10-11 06:33:36'),
	(31,'Familiares',6,'2011-10-11 06:33:36','2011-10-11 06:33:36');

/*!40000 ALTER TABLE `segments` ENABLE KEYS */;
UNLOCK TABLES;


# Dump of table service_levels
# ------------------------------------------------------------

DROP TABLE IF EXISTS `service_levels`;

CREATE TABLE `service_levels` (
  `id` int(11) NOT NULL AUTO_INCREMENT,
  `name` varchar(255) COLLATE utf8_unicode_ci DEFAULT NULL,
  `created_at` datetime DEFAULT NULL,
  `updated_at` datetime DEFAULT NULL,
  PRIMARY KEY (`id`)
) ENGINE=InnoDB DEFAULT CHARSET=utf8 COLLATE=utf8_unicode_ci;

LOCK TABLES `service_levels` WRITE;
/*!40000 ALTER TABLE `service_levels` DISABLE KEYS */;

INSERT INTO `service_levels` (`id`, `name`, `created_at`, `updated_at`)
VALUES
	(1,'CRECHE','2011-10-11 06:33:36','2011-10-11 06:33:36'),
	(2,'EMEI','2011-10-11 06:33:36','2011-10-11 06:33:36'),
	(3,'EMEF','2011-10-11 06:33:36','2011-10-11 06:33:36'),
	(4,'EJA','2011-10-11 06:33:36','2011-10-11 06:33:36'),
	(5,'BURJATO','2011-10-11 06:33:36','2011-10-11 06:33:36'),
	(6,'CRECHE CONVENIADA','2011-10-11 06:33:36','2011-10-11 06:33:36'),
	(7,'EMEI E EMEF','2011-10-11 06:33:36','2011-10-11 06:33:36'),
	(8,'ENSINO MEDIO','2011-10-11 06:33:36','2011-10-11 06:33:36');

/*!40000 ALTER TABLE `service_levels` ENABLE KEYS */;
UNLOCK TABLES;



/*!40111 SET SQL_NOTES=@OLD_SQL_NOTES */;
/*!40101 SET SQL_MODE=@OLD_SQL_MODE */;
/*!40014 SET FOREIGN_KEY_CHECKS=@OLD_FOREIGN_KEY_CHECKS */;
/*!40101 SET CHARACTER_SET_CLIENT=@OLD_CHARACTER_SET_CLIENT */;
/*!40101 SET CHARACTER_SET_RESULTS=@OLD_CHARACTER_SET_RESULTS */;
/*!40101 SET COLLATION_CONNECTION=@OLD_COLLATION_CONNECTION */;
