-- MySQL dump 10.13  Distrib 5.1.54, for debian-linux-gnu (i686)
--
-- Host: localhost    Database: ipf-osasco-avaliacao-2011_production
-- ------------------------------------------------------
-- Server version	5.1.54-1ubuntu4

/*!40101 SET @OLD_CHARACTER_SET_CLIENT=@@CHARACTER_SET_CLIENT */;
/*!40101 SET @OLD_CHARACTER_SET_RESULTS=@@CHARACTER_SET_RESULTS */;
/*!40101 SET @OLD_COLLATION_CONNECTION=@@COLLATION_CONNECTION */;
/*!40101 SET NAMES utf8 */;
/*!40103 SET @OLD_TIME_ZONE=@@TIME_ZONE */;
/*!40103 SET TIME_ZONE='+00:00' */;
/*!40014 SET @OLD_UNIQUE_CHECKS=@@UNIQUE_CHECKS, UNIQUE_CHECKS=0 */;
/*!40014 SET @OLD_FOREIGN_KEY_CHECKS=@@FOREIGN_KEY_CHECKS, FOREIGN_KEY_CHECKS=0 */;
/*!40101 SET @OLD_SQL_MODE=@@SQL_MODE, SQL_MODE='NO_AUTO_VALUE_ON_ZERO' */;
/*!40111 SET @OLD_SQL_NOTES=@@SQL_NOTES, SQL_NOTES=0 */;

--
-- Table structure for table `active_admin_comments`
--

DROP TABLE IF EXISTS `active_admin_comments`;
/*!40101 SET @saved_cs_client     = @@character_set_client */;
/*!40101 SET character_set_client = utf8 */;
CREATE TABLE `active_admin_comments` (
  `id` int(11) NOT NULL AUTO_INCREMENT,
  `resource_id` int(11) NOT NULL,
  `resource_type` varchar(255) COLLATE utf8_unicode_ci NOT NULL,
  `author_id` int(11) DEFAULT NULL,
  `author_type` varchar(255) COLLATE utf8_unicode_ci DEFAULT NULL,
  `body` text COLLATE utf8_unicode_ci,
  `created_at` datetime DEFAULT NULL,
  `updated_at` datetime DEFAULT NULL,
  `namespace` varchar(255) COLLATE utf8_unicode_ci DEFAULT NULL,
  PRIMARY KEY (`id`),
  KEY `index_admin_notes_on_resource_type_and_resource_id` (`resource_type`,`resource_id`),
  KEY `index_active_admin_comments_on_namespace` (`namespace`),
  KEY `index_active_admin_comments_on_author_type_and_author_id` (`author_type`,`author_id`)
) ENGINE=InnoDB DEFAULT CHARSET=utf8 COLLATE=utf8_unicode_ci;
/*!40101 SET character_set_client = @saved_cs_client */;

--
-- Dumping data for table `active_admin_comments`
--

LOCK TABLES `active_admin_comments` WRITE;
/*!40000 ALTER TABLE `active_admin_comments` DISABLE KEYS */;
/*!40000 ALTER TABLE `active_admin_comments` ENABLE KEYS */;
UNLOCK TABLES;

--
-- Table structure for table `admin_users`
--

DROP TABLE IF EXISTS `admin_users`;
/*!40101 SET @saved_cs_client     = @@character_set_client */;
/*!40101 SET character_set_client = utf8 */;
CREATE TABLE `admin_users` (
  `id` int(11) NOT NULL AUTO_INCREMENT,
  `email` varchar(255) COLLATE utf8_unicode_ci NOT NULL DEFAULT '',
  `encrypted_password` varchar(128) COLLATE utf8_unicode_ci NOT NULL DEFAULT '',
  `reset_password_token` varchar(255) COLLATE utf8_unicode_ci DEFAULT NULL,
  `reset_password_sent_at` datetime DEFAULT NULL,
  `remember_created_at` datetime DEFAULT NULL,
  `sign_in_count` int(11) DEFAULT '0',
  `current_sign_in_at` datetime DEFAULT NULL,
  `last_sign_in_at` datetime DEFAULT NULL,
  `current_sign_in_ip` varchar(255) COLLATE utf8_unicode_ci DEFAULT NULL,
  `last_sign_in_ip` varchar(255) COLLATE utf8_unicode_ci DEFAULT NULL,
  `created_at` datetime DEFAULT NULL,
  `updated_at` datetime DEFAULT NULL,
  PRIMARY KEY (`id`),
  UNIQUE KEY `index_admin_users_on_email` (`email`),
  UNIQUE KEY `index_admin_users_on_reset_password_token` (`reset_password_token`)
) ENGINE=InnoDB AUTO_INCREMENT=2 DEFAULT CHARSET=utf8 COLLATE=utf8_unicode_ci;
/*!40101 SET character_set_client = @saved_cs_client */;

--
-- Dumping data for table `admin_users`
--

LOCK TABLES `admin_users` WRITE;
/*!40000 ALTER TABLE `admin_users` DISABLE KEYS */;
INSERT INTO `admin_users` VALUES (1,'admin@example.com','$2a$10$aXudlCSA325hMASVYvwzteudfk6bMlsGhWfreFsuG7YjM/k96EPg2',NULL,NULL,NULL,6,'2011-09-12 20:33:33','2011-08-31 16:51:31','127.0.0.1','127.0.0.1','2011-08-28 17:26:11','2011-09-12 20:33:33');
/*!40000 ALTER TABLE `admin_users` ENABLE KEYS */;
UNLOCK TABLES;

--
-- Table structure for table `answers`
--

DROP TABLE IF EXISTS `answers`;
/*!40101 SET @saved_cs_client     = @@character_set_client */;
/*!40101 SET character_set_client = utf8 */;
CREATE TABLE `answers` (
  `id` int(11) NOT NULL AUTO_INCREMENT,
  `do_not_know` int(11) DEFAULT NULL,
  `do_not_answer` int(11) DEFAULT NULL,
  `one` int(11) DEFAULT NULL,
  `two` int(11) DEFAULT NULL,
  `three` int(11) DEFAULT NULL,
  `four` int(11) DEFAULT NULL,
  `five` int(11) DEFAULT NULL,
  `quantity_of_people` int(11) DEFAULT NULL,
  `question_text_id` int(11) DEFAULT NULL,
  `school_id` int(11) DEFAULT NULL,
  `segment_id` int(11) DEFAULT NULL,
  `created_at` datetime DEFAULT NULL,
  `updated_at` datetime DEFAULT NULL,
  PRIMARY KEY (`id`)
) ENGINE=InnoDB DEFAULT CHARSET=utf8 COLLATE=utf8_unicode_ci;
/*!40101 SET character_set_client = @saved_cs_client */;

--
-- Dumping data for table `answers`
--

LOCK TABLES `answers` WRITE;
/*!40000 ALTER TABLE `answers` DISABLE KEYS */;
/*!40000 ALTER TABLE `answers` ENABLE KEYS */;
UNLOCK TABLES;

--
-- Table structure for table `dimension_statuses`
--

DROP TABLE IF EXISTS `dimension_statuses`;
/*!40101 SET @saved_cs_client     = @@character_set_client */;
/*!40101 SET character_set_client = utf8 */;
CREATE TABLE `dimension_statuses` (
  `id` int(11) NOT NULL AUTO_INCREMENT,
  `status` int(11) DEFAULT NULL,
  `dimension_id` int(11) DEFAULT NULL,
  `school_id` int(11) DEFAULT NULL,
  `segment_id` int(11) DEFAULT NULL,
  `created_at` datetime DEFAULT NULL,
  `updated_at` datetime DEFAULT NULL,
  PRIMARY KEY (`id`)
) ENGINE=InnoDB DEFAULT CHARSET=utf8 COLLATE=utf8_unicode_ci;
/*!40101 SET character_set_client = @saved_cs_client */;

--
-- Dumping data for table `dimension_statuses`
--

LOCK TABLES `dimension_statuses` WRITE;
/*!40000 ALTER TABLE `dimension_statuses` DISABLE KEYS */;
/*!40000 ALTER TABLE `dimension_statuses` ENABLE KEYS */;
UNLOCK TABLES;

--
-- Table structure for table `dimensions`
--

DROP TABLE IF EXISTS `dimensions`;
/*!40101 SET @saved_cs_client     = @@character_set_client */;
/*!40101 SET character_set_client = utf8 */;
CREATE TABLE `dimensions` (
  `id` int(11) NOT NULL AUTO_INCREMENT,
  `name` varchar(255) COLLATE utf8_unicode_ci DEFAULT NULL,
  `number` int(11) DEFAULT NULL,
  `service_level_id` int(11) DEFAULT NULL,
  `created_at` datetime DEFAULT NULL,
  `updated_at` datetime DEFAULT NULL,
  PRIMARY KEY (`id`)
) ENGINE=InnoDB AUTO_INCREMENT=32 DEFAULT CHARSET=utf8 COLLATE=utf8_unicode_ci;
/*!40101 SET character_set_client = @saved_cs_client */;

--
-- Dumping data for table `dimensions`
--

LOCK TABLES `dimensions` WRITE;
/*!40000 ALTER TABLE `dimensions` DISABLE KEYS */;
INSERT INTO `dimensions` VALUES (1,'Ambiente educativo',1,1,'2011-08-28 17:26:24','2011-08-28 17:26:24'),(2,'Ambiente físico escolar e materiais',2,1,'2011-08-28 17:26:24','2011-08-28 17:26:24'),(3,'Planejamento institucional e prática pedagógica',3,1,'2011-08-28 17:26:24','2011-08-28 17:26:24'),(4,'Avaliação',4,1,'2011-08-28 17:26:24','2011-08-28 17:26:24'),(5,'Acesso e permanência dos educandos na escola',5,1,'2011-08-28 17:26:24','2011-08-28 17:26:24'),(6,'Promoção da saúde',6,1,'2011-08-28 17:26:24','2011-08-28 17:26:24'),(7,'Educação socioambiental e práticas ecopedagógicas',7,1,'2011-08-28 17:26:24','2011-08-28 17:26:24'),(8,'Envolvimento com as famílias e participação na rede de proteção social',8,1,'2011-08-28 17:26:24','2011-08-28 17:26:24'),(9,'Gestão escolar democrática',9,1,'2011-08-28 17:26:24','2011-08-28 17:26:24'),(10,'Formação e condições de trabalho dos profissionais da escola',10,1,'2011-08-28 17:26:24','2011-08-28 17:26:24'),(11,'Ambiente educativo',1,2,'2011-08-28 17:26:24','2011-08-28 17:26:24'),(12,'Ambiente físico escolar e materiais',2,2,'2011-08-28 17:26:24','2011-08-28 17:26:24'),(13,'Planejamento institucional e prática pedagógica',3,2,'2011-08-28 17:26:24','2011-08-28 17:26:24'),(14,'Avaliação',4,2,'2011-08-28 17:26:24','2011-08-28 17:26:24'),(15,'Acesso e permanência dos educandos na escola',5,2,'2011-08-28 17:26:24','2011-08-28 17:26:24'),(16,'Promoção da saúde',6,2,'2011-08-28 17:26:24','2011-08-28 17:26:24'),(17,'Educação socioambiental e práticas ecopedagógicas',7,2,'2011-08-28 17:26:24','2011-08-28 17:26:24'),(18,'Envolvimento com as famílias e participação na rede de proteção social',8,2,'2011-08-28 17:26:24','2011-08-28 17:26:24'),(19,'Gestão escolar democrática',9,2,'2011-08-28 17:26:24','2011-08-28 17:26:24'),(20,'Formação e condições de trabalho dos profissionais da escola',10,2,'2011-08-28 17:26:24','2011-08-28 17:26:24'),(21,'Ambiente educativo',1,3,'2011-08-28 17:26:25','2011-08-28 17:26:25'),(22,'Ambiente físico escolar e materiais',2,3,'2011-08-28 17:26:25','2011-08-28 17:26:25'),(23,'Planejamento institucional e prática pedagógica',3,3,'2011-08-28 17:26:25','2011-08-28 17:26:25'),(24,'Avaliação',4,3,'2011-08-28 17:26:25','2011-08-28 17:26:25'),(25,'Acesso e permanência dos educandos na escola',5,3,'2011-08-28 17:26:25','2011-08-28 17:26:25'),(26,'Promoção da saúde',6,3,'2011-08-28 17:26:25','2011-08-28 17:26:25'),(27,'Educação socioambiental e práticas ecopedagógicas',7,3,'2011-08-28 17:26:25','2011-08-28 17:26:25'),(28,'Envolvimento com as famílias e participação na rede de proteção social',8,3,'2011-08-28 17:26:25','2011-08-28 17:26:25'),(29,'Gestão escolar democrática',9,3,'2011-08-28 17:26:25','2011-08-28 17:26:25'),(30,'Formação e condições de trabalho dos profissionais da escola',10,3,'2011-08-28 17:26:25','2011-08-28 17:26:25'),(31,'Processos de alfabetização e letramento',11,3,'2011-08-28 17:26:25','2011-08-28 17:26:25');
/*!40000 ALTER TABLE `dimensions` ENABLE KEYS */;
UNLOCK TABLES;

--
-- Table structure for table `indicators`
--

DROP TABLE IF EXISTS `indicators`;
/*!40101 SET @saved_cs_client     = @@character_set_client */;
/*!40101 SET character_set_client = utf8 */;
CREATE TABLE `indicators` (
  `id` int(11) NOT NULL AUTO_INCREMENT,
  `name` varchar(255) COLLATE utf8_unicode_ci DEFAULT NULL,
  `description` varchar(255) COLLATE utf8_unicode_ci DEFAULT NULL,
  `number` int(11) DEFAULT NULL,
  `dimension_id` int(11) DEFAULT NULL,
  `created_at` datetime DEFAULT NULL,
  `updated_at` datetime DEFAULT NULL,
  PRIMARY KEY (`id`)
) ENGINE=InnoDB AUTO_INCREMENT=151 DEFAULT CHARSET=utf8 COLLATE=utf8_unicode_ci;
/*!40101 SET character_set_client = @saved_cs_client */;

--
-- Dumping data for table `indicators`
--

LOCK TABLES `indicators` WRITE;
/*!40000 ALTER TABLE `indicators` DISABLE KEYS */;
INSERT INTO `indicators` VALUES (1,'Amizade e solidariedade',NULL,1,1,'2011-08-28 17:26:25','2011-08-28 17:26:25'),(2,'Alegria',NULL,2,1,'2011-08-28 17:26:25','2011-08-28 17:26:25'),(3,'Combate à discriminação',NULL,3,1,'2011-08-28 17:26:25','2011-08-28 17:26:25'),(4,'Mediação de conflitos',NULL,4,1,'2011-08-28 17:26:25','2011-08-28 17:26:25'),(5,'Respeito ao outro',NULL,5,1,'2011-08-28 17:26:25','2011-08-28 17:26:25'),(6,'Respeito aos direitos das crianças e dos adolescentes',NULL,6,1,'2011-08-28 17:26:25','2011-08-28 17:26:25'),(7,'Respeito à dignidade das crianças',NULL,7,1,'2011-08-28 17:26:25','2011-08-28 17:26:25'),(8,'Respeito à identidade, desejos e interesses das crianças',NULL,8,1,'2011-08-28 17:26:25','2011-08-28 17:26:25'),(9,'Respeito às ideias, conquistas e produções das crianças',NULL,9,1,'2011-08-28 17:26:25','2011-08-28 17:26:25'),(10,'Interação entre crianças e crianças',NULL,10,1,'2011-08-28 17:26:25','2011-08-28 17:26:25'),(11,'Respeito ao ritmo das crianças',NULL,11,1,'2011-08-28 17:26:25','2011-08-28 17:26:25'),(12,'Ambiente físico escolar',NULL,1,2,'2011-08-28 17:26:25','2011-08-28 17:26:25'),(13,'Espaços e mobiliários que favoreçam as experiências das crianças',NULL,2,2,'2011-08-28 17:26:25','2011-08-28 17:26:25'),(14,'Materiais variados e acessíveis às crianças',NULL,3,2,'2011-08-28 17:26:25','2011-08-28 17:26:25'),(15,'Espaços, materiais e mobiliários para responder aos interesses e necessidades dos adultos',NULL,4,2,'2011-08-28 17:26:25','2011-08-28 17:26:25'),(16,'Projeto Eco-Político-Pedagógico (PEPP) definido e conhecido por todos',NULL,1,3,'2011-08-28 17:26:25','2011-08-28 17:26:25'),(17,'Registro da prática educativa',NULL,2,3,'2011-08-28 17:26:25','2011-08-28 17:26:25'),(18,'Planejamento',NULL,3,3,'2011-08-28 17:26:25','2011-08-28 17:26:25'),(19,'Contextualização',NULL,4,3,'2011-08-28 17:26:25','2011-08-28 17:26:25'),(20,'Incentivo à autonomia e ao trabalho coletivo',NULL,5,3,'2011-08-28 17:26:25','2011-08-28 17:26:25'),(21,'Variedades das estratégias e dos recursos de ensino-aprendizagem',NULL,6,3,'2011-08-28 17:26:25','2011-08-28 17:26:25'),(22,'Prática pedagógica de apoio à diversidade',NULL,7,3,'2011-08-28 17:26:25','2011-08-28 17:26:25'),(23,'Multiplicidade de diferentes linguagens plásticas, simbólicas, musicais e corporais',NULL,8,3,'2011-08-28 17:26:25','2011-08-28 17:26:25'),(24,'Experiências e aproximação com a linguagem oral e escrita',NULL,9,3,'2011-08-28 17:26:25','2011-08-28 17:26:25'),(25,'Atuação do corpo técnico pedagógico (CTP)',NULL,10,3,'2011-08-28 17:26:25','2011-08-28 17:26:25'),(26,'Monitoramento do processo de aprendizagem dos educandos',NULL,1,4,'2011-08-28 17:26:25','2011-08-28 17:26:25'),(27,'Mecanismos de avaliação dos educandos',NULL,2,4,'2011-08-28 17:26:25','2011-08-28 17:26:25'),(28,'Participação dos educandos na avaliação de sua aprendizagem',NULL,3,4,'2011-08-28 17:26:25','2011-08-28 17:26:25'),(29,'Avaliação do trabalho dos profissionais da escola',NULL,4,4,'2011-08-28 17:26:25','2011-08-28 17:26:25'),(30,'Compartilhamento, reflexão e uso das avaliações educacionais da Rede Municipal de Ensino de Osasco',NULL,5,4,'2011-08-28 17:26:25','2011-08-28 17:26:25'),(31,'Atenção aos educandos com alguma defasagem de aprendizagem',NULL,1,5,'2011-08-28 17:26:25','2011-08-28 17:26:25'),(32,'Atenção às necessidades educativas da comunidade',NULL,2,5,'2011-08-28 17:26:25','2011-08-28 17:26:25'),(33,'Atenção especial aos educandos que faltam',NULL,3,5,'2011-08-28 17:26:25','2011-08-28 17:26:25'),(34,'Responsabilidade pela alimentação',NULL,1,6,'2011-08-28 17:26:25','2011-08-28 17:26:25'),(35,'Limpeza, salubridade e conforto',NULL,2,6,'2011-08-28 17:26:25','2011-08-28 17:26:25'),(36,'Segurança',NULL,3,6,'2011-08-28 17:26:25','2011-08-28 17:26:25'),(37,'Cuidados com a higiene e a saúde',NULL,4,6,'2011-08-28 17:26:25','2011-08-28 17:26:25'),(38,'Respeito a diversas formas de vida',NULL,1,7,'2011-08-28 17:26:25','2011-08-28 17:26:25'),(39,'Práticas ecopedagógicas',NULL,2,7,'2011-08-28 17:26:25','2011-08-28 17:26:25'),(40,'Respeito e acolhimento e envolvimento com as famílias',NULL,1,8,'2011-08-28 17:26:25','2011-08-28 17:26:25'),(41,'Garantia do direito das famílias de acompanhar as vivências e produções das crianças',NULL,2,8,'2011-08-28 17:26:25','2011-08-28 17:26:25'),(42,'Participação da escola na rede de proteção dos direitos das crianças',NULL,3,8,'2011-08-28 17:26:25','2011-08-28 17:26:25'),(43,'Democratização da gestão e informação',NULL,1,9,'2011-08-28 17:26:25','2011-08-28 17:26:25'),(44,'Conselhos atuantes',NULL,2,9,'2011-08-28 17:26:25','2011-08-28 17:26:25'),(45,'Parcerias locais e relacionamento da escola com os serviços públicos',NULL,3,9,'2011-08-28 17:26:25','2011-08-28 17:26:25'),(46,'Formação inicial e continuada',NULL,1,10,'2011-08-28 17:26:25','2011-08-28 17:26:25'),(47,'Suficiência da equipe escolar e condições de trabalho',NULL,2,10,'2011-08-28 17:26:25','2011-08-28 17:26:25'),(48,'Assiduidade da equipe escolar',NULL,3,10,'2011-08-28 17:26:25','2011-08-28 17:26:25'),(49,'Amizade e solidariedade',NULL,1,11,'2011-08-28 17:26:25','2011-08-28 17:26:25'),(50,'Alegria',NULL,2,11,'2011-08-28 17:26:25','2011-08-28 17:26:25'),(51,'Combate à discriminação',NULL,3,11,'2011-08-28 17:26:25','2011-08-28 17:26:25'),(52,'Mediação de conflitos',NULL,4,11,'2011-08-28 17:26:25','2011-08-28 17:26:25'),(53,'Respeito ao outro',NULL,5,11,'2011-08-28 17:26:25','2011-08-28 17:26:25'),(54,'Respeito aos direitos das crianças e dos adolescentes',NULL,6,11,'2011-08-28 17:26:25','2011-08-28 17:26:25'),(55,'Respeito à dignidade das crianças',NULL,7,11,'2011-08-28 17:26:25','2011-08-28 17:26:25'),(56,'Respeito à identidade, desejos e interesses das crianças',NULL,8,11,'2011-08-28 17:26:25','2011-08-28 17:26:25'),(57,'Respeito às ideias, conquistas e produções das crianças',NULL,9,11,'2011-08-28 17:26:25','2011-08-28 17:26:25'),(58,'Interação entre crianças e crianças',NULL,10,11,'2011-08-28 17:26:25','2011-08-28 17:26:25'),(59,'Respeito ao ritmo das crianças',NULL,11,11,'2011-08-28 17:26:25','2011-08-28 17:26:25'),(60,'Ambiente físico escolar',NULL,1,12,'2011-08-28 17:26:25','2011-08-28 17:26:25'),(61,'Espaços e mobiliários que favoreçam as experiências das crianças',NULL,2,12,'2011-08-28 17:26:25','2011-08-28 17:26:25'),(62,'Materiais variados e acessíveis às crianças',NULL,3,12,'2011-08-28 17:26:25','2011-08-28 17:26:25'),(63,'Espaços, materiais e mobiliários para responder aos interesses e necessidades dos adultos',NULL,4,12,'2011-08-28 17:26:25','2011-08-28 17:26:25'),(64,'Projeto Eco-Político-Pedagógico (PEPP) definido e conhecido por todos',NULL,1,13,'2011-08-28 17:26:25','2011-08-28 17:26:25'),(65,'Registro da prática educativa',NULL,2,13,'2011-08-28 17:26:25','2011-08-28 17:26:25'),(66,'Planejamento',NULL,3,13,'2011-08-28 17:26:25','2011-08-28 17:26:25'),(67,'Contextualização',NULL,4,13,'2011-08-28 17:26:25','2011-08-28 17:26:25'),(68,'Incentivo à autonomia e ao trabalho coletivo',NULL,5,13,'2011-08-28 17:26:25','2011-08-28 17:26:25'),(69,'Variedades das estratégias e dos recursos de ensino-aprendizagem',NULL,6,13,'2011-08-28 17:26:25','2011-08-28 17:26:25'),(70,'Prática pedagógica de apoio à diversidade',NULL,7,13,'2011-08-28 17:26:25','2011-08-28 17:26:25'),(71,'Multiplicidade de diferentes linguagens plásticas, simbólicas, musicais e corporais',NULL,8,13,'2011-08-28 17:26:25','2011-08-28 17:26:25'),(72,'Experiências e aproximação com a linguagem oral e escrita',NULL,9,13,'2011-08-28 17:26:25','2011-08-28 17:26:25'),(73,'Atuação do corpo técnico pedagógico (CTP)',NULL,10,13,'2011-08-28 17:26:25','2011-08-28 17:26:25'),(74,'Monitoramento do processo de aprendizagem dos educandos',NULL,1,14,'2011-08-28 17:26:25','2011-08-28 17:26:25'),(75,'Mecanismos de avaliação dos educandos',NULL,2,14,'2011-08-28 17:26:25','2011-08-28 17:26:25'),(76,'Participação dos educandos na avaliação de sua aprendizagem',NULL,3,14,'2011-08-28 17:26:25','2011-08-28 17:26:25'),(77,'Avaliação do trabalho dos profissionais da escola',NULL,4,14,'2011-08-28 17:26:25','2011-08-28 17:26:25'),(78,'Compartilhamento, reflexão e uso das avaliações educacionais da Rede Municipal de Ensino de Osasco',NULL,5,14,'2011-08-28 17:26:25','2011-08-28 17:26:25'),(79,'Atenção aos educandos com alguma defasagem de aprendizagem',NULL,1,15,'2011-08-28 17:26:25','2011-08-28 17:26:25'),(80,'Atenção às necessidades educativas da comunidade',NULL,2,15,'2011-08-28 17:26:25','2011-08-28 17:26:25'),(81,'Atenção especial aos educandos que faltam',NULL,3,15,'2011-08-28 17:26:25','2011-08-28 17:26:25'),(82,'Responsabilidade pela alimentação',NULL,1,16,'2011-08-28 17:26:25','2011-08-28 17:26:25'),(83,'Limpeza, salubridade e conforto',NULL,2,16,'2011-08-28 17:26:25','2011-08-28 17:26:25'),(84,'Segurança',NULL,3,16,'2011-08-28 17:26:25','2011-08-28 17:26:25'),(85,'Cuidados com a higiene e a saúde',NULL,4,16,'2011-08-28 17:26:25','2011-08-28 17:26:25'),(86,'Respeito a diversas formas de vida',NULL,1,17,'2011-08-28 17:26:25','2011-08-28 17:26:25'),(87,'Práticas ecopedagógicas',NULL,2,17,'2011-08-28 17:26:25','2011-08-28 17:26:25'),(88,'Respeito e acolhimento e envolvimento com as famílias',NULL,1,18,'2011-08-28 17:26:25','2011-08-28 17:26:25'),(89,'Garantia do direito das famílias de acompanhar as vivências e produções das crianças',NULL,2,18,'2011-08-28 17:26:25','2011-08-28 17:26:25'),(90,'Participação da escola na rede de proteção dos direitos das crianças',NULL,3,18,'2011-08-28 17:26:25','2011-08-28 17:26:25'),(91,'Democratização da gestão e informação',NULL,1,19,'2011-08-28 17:26:25','2011-08-28 17:26:25'),(92,'Conselhos atuantes',NULL,2,19,'2011-08-28 17:26:25','2011-08-28 17:26:25'),(93,'Parcerias locais e relacionamento da escola com os serviços públicos',NULL,3,19,'2011-08-28 17:26:25','2011-08-28 17:26:25'),(94,'Formação inicial e continuada',NULL,1,20,'2011-08-28 17:26:25','2011-08-28 17:26:25'),(95,'Suficiência da equipe escolar e condições de trabalho',NULL,2,20,'2011-08-28 17:26:25','2011-08-28 17:26:25'),(96,'Assiduidade da equipe escolar',NULL,3,20,'2011-08-28 17:26:25','2011-08-28 17:26:25'),(97,'Amizade e solidariedade',NULL,1,21,'2011-08-28 17:26:25','2011-08-28 17:26:25'),(98,'Alegria',NULL,2,21,'2011-08-28 17:26:25','2011-08-28 17:26:25'),(99,'Combate à discriminação',NULL,3,21,'2011-08-28 17:26:25','2011-08-28 17:26:25'),(100,'Mediação de conflitos',NULL,4,21,'2011-08-28 17:26:25','2011-08-28 17:26:25'),(101,'Respeito ao outro',NULL,5,21,'2011-08-28 17:26:25','2011-08-28 17:26:25'),(102,'Respeito aos direitos das crianças e dos adolescentes',NULL,6,21,'2011-08-28 17:26:25','2011-08-28 17:26:25'),(103,'Respeito à dignidade das crianças',NULL,7,21,'2011-08-28 17:26:25','2011-08-28 17:26:25'),(104,'Respeito à identidade, desejos e interesses das crianças',NULL,8,21,'2011-08-28 17:26:25','2011-08-28 17:26:25'),(105,'Respeito às ideias, conquistas e produções das crianças',NULL,9,21,'2011-08-28 17:26:25','2011-08-28 17:26:25'),(106,'Interação entre crianças e crianças',NULL,10,21,'2011-08-28 17:26:25','2011-08-28 17:26:25'),(107,'Ambiente físico escolar',NULL,1,22,'2011-08-28 17:26:25','2011-08-28 17:26:25'),(108,'Espaços e mobiliários que favoreçam as experiências das crianças',NULL,2,22,'2011-08-28 17:26:25','2011-08-28 17:26:25'),(109,'Materiais variados e acessíveis às crianças',NULL,3,22,'2011-08-28 17:26:25','2011-08-28 17:26:25'),(110,'Espaços, materiais e mobiliários para responder aos interesses e necessidades dos adultos',NULL,4,22,'2011-08-28 17:26:25','2011-08-28 17:26:25'),(111,'Projeto Eco-Político-Pedagógico (PEPP) definido e conhecido por todos',NULL,1,23,'2011-08-28 17:26:25','2011-08-28 17:26:25'),(112,'Registro da prática educativa',NULL,2,23,'2011-08-28 17:26:25','2011-08-28 17:26:25'),(113,'Planejamento',NULL,3,23,'2011-08-28 17:26:25','2011-08-28 17:26:25'),(114,'Contextualização',NULL,4,23,'2011-08-28 17:26:25','2011-08-28 17:26:25'),(115,'Incentivo à autonomia e ao trabalho coletivo',NULL,5,23,'2011-08-28 17:26:25','2011-08-28 17:26:25'),(116,'Variedades das estratégias e dos recursos de ensino-aprendizagem',NULL,6,23,'2011-08-28 17:26:25','2011-08-28 17:26:25'),(117,'Prática pedagógica de apoio à diversidade',NULL,7,23,'2011-08-28 17:26:25','2011-08-28 17:26:25'),(118,'Multiplicidade de diferentes linguagens plásticas, simbólicas, musicais e corporais',NULL,8,23,'2011-08-28 17:26:25','2011-08-28 17:26:25'),(119,'Atuação do corpo técnico pedagógico (CTP)',NULL,9,23,'2011-08-28 17:26:25','2011-08-28 17:26:25'),(120,'Monitoramento do processo de aprendizagem dos educandos',NULL,1,24,'2011-08-28 17:26:25','2011-08-28 17:26:25'),(121,'Mecanismos de avaliação',NULL,2,24,'2011-08-28 17:26:25','2011-08-28 17:26:25'),(122,'Participação dos educandos na avaliação de sua aprendizagem',NULL,3,24,'2011-08-28 17:26:25','2011-08-28 17:26:25'),(123,'Avaliação do trabalho dos profissionais da escola',NULL,4,24,'2011-08-28 17:26:25','2011-08-28 17:26:25'),(124,'Compartilhamento, reflexão e uso das avaliações educacionais da Rede Municipal de Ensino de Osasco',NULL,5,24,'2011-08-28 17:26:25','2011-08-28 17:26:25'),(125,'Acesso, compreensão e uso dos indicadores oficiais de avaliação do MEC',NULL,6,24,'2011-08-28 17:26:25','2011-08-28 17:26:25'),(126,'Atenção aos educandos com alguma defasagem de aprendizagem',NULL,1,25,'2011-08-28 17:26:25','2011-08-28 17:26:25'),(127,'Atenção às necessidades educativas da comunidade',NULL,2,25,'2011-08-28 17:26:25','2011-08-28 17:26:25'),(128,'Atenção especial aos educandos que faltam',NULL,3,25,'2011-08-28 17:26:25','2011-08-28 17:26:25'),(129,'Preocupação com o abandono e evasão',NULL,4,25,'2011-08-28 17:26:25','2011-08-28 17:26:25'),(130,'Responsabilidade pela alimentação',NULL,1,26,'2011-08-28 17:26:25','2011-08-28 17:26:25'),(131,'Limpeza, salubridade e conforto',NULL,2,26,'2011-08-28 17:26:25','2011-08-28 17:26:25'),(132,'Segurança',NULL,3,26,'2011-08-28 17:26:25','2011-08-28 17:26:25'),(133,'Cuidados com a higiene e a saúde',NULL,4,26,'2011-08-28 17:26:25','2011-08-28 17:26:25'),(134,'Respeito a diversas formas de vida',NULL,1,27,'2011-08-28 17:26:25','2011-08-28 17:26:25'),(135,'Práticas ecopedagógicas',NULL,2,27,'2011-08-28 17:26:25','2011-08-28 17:26:25'),(136,'Respeito e acolhimento e envolvimento com as famílias',NULL,1,28,'2011-08-28 17:26:25','2011-08-28 17:26:25'),(137,'Garantia do direito das famílias de acompanhar as vivências e produções das crianças',NULL,2,28,'2011-08-28 17:26:25','2011-08-28 17:26:25'),(138,'Participação da escola na rede de proteção dos direitos das crianças',NULL,3,28,'2011-08-28 17:26:25','2011-08-28 17:26:25'),(139,'Democratização da gestão e informação',NULL,1,29,'2011-08-28 17:26:25','2011-08-28 17:26:25'),(140,'Conselhos atuantes',NULL,2,29,'2011-08-28 17:26:25','2011-08-28 17:26:25'),(141,'Parcerias locais e relacionamento da escola com os serviços públicos',NULL,3,29,'2011-08-28 17:26:25','2011-08-28 17:26:25'),(142,'Participação efetiva de educandos, pais, responsáveis e comunidade em geral',NULL,4,29,'2011-08-28 17:26:25','2011-08-28 17:26:25'),(143,'Formação inicial e continuada',NULL,1,30,'2011-08-28 17:26:25','2011-08-28 17:26:25'),(144,'Suficiência da equipe escolar e condições de trabalho',NULL,2,30,'2011-08-28 17:26:25','2011-08-28 17:26:25'),(145,'Assiduidade da equipe escolar',NULL,3,30,'2011-08-28 17:26:25','2011-08-28 17:26:25'),(146,'Orientações para a alfabetização inicial implementadas',NULL,1,31,'2011-08-28 17:26:25','2011-08-28 17:26:25'),(147,'Existência de práticas alfabetizadoras na escola',NULL,2,31,'2011-08-28 17:26:25','2011-08-28 17:26:25'),(148,'Atenção ao processo de alfabetização de cada criança',NULL,3,31,'2011-08-28 17:26:25','2011-08-28 17:26:25'),(149,'Ampliação das capacidades de leitura e escrita dos educandos ao longo do ensino fundamental',NULL,4,31,'2011-08-28 17:26:25','2011-08-28 17:26:25'),(150,'Acesso e bom aproveitamento da biblioteca ou sala de leitura',NULL,5,31,'2011-08-28 17:26:25','2011-08-28 17:26:25');
/*!40000 ALTER TABLE `indicators` ENABLE KEYS */;
UNLOCK TABLES;

--
-- Table structure for table `passwords`
--

DROP TABLE IF EXISTS `passwords`;
/*!40101 SET @saved_cs_client     = @@character_set_client */;
/*!40101 SET character_set_client = utf8 */;
CREATE TABLE `passwords` (
  `id` int(11) NOT NULL AUTO_INCREMENT,
  `password` varchar(255) COLLATE utf8_unicode_ci DEFAULT NULL,
  `school_id` int(11) DEFAULT NULL,
  `segment_id` int(11) DEFAULT NULL,
  `service_level_id` int(11) DEFAULT NULL,
  `created_at` datetime DEFAULT NULL,
  `updated_at` datetime DEFAULT NULL,
  PRIMARY KEY (`id`)
) ENGINE=InnoDB AUTO_INCREMENT=1893 DEFAULT CHARSET=utf8 COLLATE=utf8_unicode_ci;
/*!40101 SET character_set_client = @saved_cs_client */;

--
-- Dumping data for table `passwords`
--

LOCK TABLES `passwords` WRITE;
/*!40000 ALTER TABLE `passwords` DISABLE KEYS */;
INSERT INTO `passwords` VALUES (856,'0m222j',1,1,1,'2011-08-28 17:57:00','2011-08-28 17:57:00'),(857,'4vjahw',2,1,1,'2011-08-28 17:57:00','2011-08-28 17:57:00'),(858,'atj47z',3,1,1,'2011-08-28 17:57:00','2011-08-28 17:57:00'),(859,'4eft6j',4,1,1,'2011-08-28 17:57:00','2011-08-28 17:57:00'),(860,'nwmxh7',5,1,1,'2011-08-28 17:57:00','2011-08-28 17:57:00'),(861,'7ewry5',6,1,1,'2011-08-28 17:57:00','2011-08-28 17:57:00'),(862,'3mtk3j',7,1,1,'2011-08-28 17:57:00','2011-08-28 17:57:00'),(863,'hq6dr8',8,1,1,'2011-08-28 17:57:00','2011-08-28 17:57:00'),(864,'es24yz',9,1,1,'2011-08-28 17:57:00','2011-08-28 17:57:00'),(865,'jte80p',10,1,1,'2011-08-28 17:57:00','2011-08-28 17:57:00'),(866,'7wgg6w',11,1,1,'2011-08-28 17:57:00','2011-08-28 17:57:00'),(867,'qrpk25',12,1,1,'2011-08-28 17:57:00','2011-08-28 17:57:00'),(868,'hm6qm0',13,1,1,'2011-08-28 17:57:00','2011-08-28 17:57:00'),(869,'ovdrw2',14,1,1,'2011-08-28 17:57:00','2011-08-28 17:57:00'),(870,'oxbmeq',15,1,1,'2011-08-28 17:57:00','2011-08-28 17:57:00'),(871,'7zuqaz',16,1,1,'2011-08-28 17:57:00','2011-08-28 17:57:00'),(872,'tmwhmz',17,1,1,'2011-08-28 17:57:00','2011-08-28 17:57:00'),(873,'3m2k4p',18,1,1,'2011-08-28 17:57:00','2011-08-28 17:57:00'),(874,'5pm384',19,1,1,'2011-08-28 17:57:00','2011-08-28 17:57:00'),(875,'an7ga7',20,1,1,'2011-08-28 17:57:00','2011-08-28 17:57:00'),(876,'ys8e88',21,1,1,'2011-08-28 17:57:00','2011-08-28 17:57:00'),(877,'5ffkv7',22,1,1,'2011-08-28 17:57:00','2011-08-28 17:57:00'),(878,'qos0kn',23,1,1,'2011-08-28 17:57:00','2011-08-28 17:57:00'),(879,'7wv70x',24,1,1,'2011-08-28 17:57:00','2011-08-28 17:57:00'),(880,'wyby2k',25,1,1,'2011-08-28 17:57:00','2011-08-28 17:57:00'),(881,'emg0pd',26,1,1,'2011-08-28 17:57:00','2011-08-28 17:57:00'),(882,'gmdy8a',27,1,1,'2011-08-28 17:57:00','2011-08-28 17:57:00'),(883,'fkqdky',28,1,1,'2011-08-28 17:57:00','2011-08-28 17:57:00'),(884,'5jy0a2',29,1,1,'2011-08-28 17:57:00','2011-08-28 17:57:00'),(885,'eavzky',30,1,1,'2011-08-28 17:57:00','2011-08-28 17:57:00'),(886,'a7n65d',31,1,1,'2011-08-28 17:57:00','2011-08-28 17:57:00'),(887,'yceafn',113,1,1,'2011-08-28 17:57:00','2011-08-28 17:57:00'),(888,'fgub4x',114,1,1,'2011-08-28 17:57:00','2011-08-28 17:57:00'),(889,'m7yszo',115,1,1,'2011-08-28 17:57:00','2011-08-28 17:57:00'),(890,'p4z56f',116,1,1,'2011-08-28 17:57:00','2011-08-28 17:57:00'),(892,'6rn6nj',118,1,1,'2011-08-28 17:57:00','2011-08-28 17:57:00'),(893,'pz8mbh',119,1,1,'2011-08-28 17:57:00','2011-08-28 17:57:00'),(894,'jzrte3',120,1,1,'2011-08-28 17:57:00','2011-08-28 17:57:00'),(895,'artvvh',121,1,1,'2011-08-28 17:57:00','2011-08-28 17:57:00'),(896,'4hbmfj',122,1,1,'2011-08-28 17:57:00','2011-08-28 17:57:00'),(897,'04e62b',129,1,1,'2011-08-28 17:57:00','2011-08-28 17:57:00'),(898,'oaax8p',130,1,1,'2011-08-28 17:57:00','2011-08-28 17:57:00'),(899,'ttcn0g',131,1,1,'2011-08-28 17:57:00','2011-08-28 17:57:00'),(900,'j2r58w',132,1,1,'2011-08-28 17:57:00','2011-08-28 17:57:00'),(902,'8joj24',1,2,1,'2011-08-28 17:57:00','2011-08-28 17:57:00'),(903,'vasrhy',2,2,1,'2011-08-28 17:57:00','2011-08-28 17:57:00'),(904,'8ssexs',3,2,1,'2011-08-28 17:57:00','2011-08-28 17:57:00'),(905,'hfg45n',4,2,1,'2011-08-28 17:57:00','2011-08-28 17:57:00'),(906,'t68o25',5,2,1,'2011-08-28 17:57:00','2011-08-28 17:57:00'),(907,'zzfo82',6,2,1,'2011-08-28 17:57:00','2011-08-28 17:57:00'),(908,'0mzvr0',7,2,1,'2011-08-28 17:57:00','2011-08-28 17:57:00'),(909,'qd5qpd',8,2,1,'2011-08-28 17:57:00','2011-08-28 17:57:00'),(910,'c4pwaj',9,2,1,'2011-08-28 17:57:00','2011-08-28 17:57:00'),(911,'r6s2zt',10,2,1,'2011-08-28 17:57:00','2011-08-28 17:57:00'),(912,'smb3k5',11,2,1,'2011-08-28 17:57:00','2011-08-28 17:57:00'),(913,'arc6yc',12,2,1,'2011-08-28 17:57:00','2011-08-28 17:57:00'),(914,'w3jbzp',13,2,1,'2011-08-28 17:57:00','2011-08-28 17:57:00'),(915,'m7vf84',14,2,1,'2011-08-28 17:57:00','2011-08-28 17:57:00'),(916,'j8cqgh',15,2,1,'2011-08-28 17:57:00','2011-08-28 17:57:00'),(917,'pvfnwb',16,2,1,'2011-08-28 17:57:00','2011-08-28 17:57:00'),(918,'f4uwmp',17,2,1,'2011-08-28 17:57:00','2011-08-28 17:57:00'),(919,'kt2bw2',18,2,1,'2011-08-28 17:57:00','2011-08-28 17:57:00'),(920,'fvtezv',19,2,1,'2011-08-28 17:57:00','2011-08-28 17:57:00'),(921,'ekqq7q',20,2,1,'2011-08-28 17:57:00','2011-08-28 17:57:00'),(922,'pxd65f',21,2,1,'2011-08-28 17:57:00','2011-08-28 17:57:00'),(923,'3veypo',22,2,1,'2011-08-28 17:57:00','2011-08-28 17:57:00'),(924,'v7xyow',23,2,1,'2011-08-28 17:57:00','2011-08-28 17:57:00'),(925,'3twf7c',24,2,1,'2011-08-28 17:57:00','2011-08-28 17:57:00'),(926,'kfrnnm',25,2,1,'2011-08-28 17:57:00','2011-08-28 17:57:00'),(927,'stmyoh',26,2,1,'2011-08-28 17:57:00','2011-08-28 17:57:00'),(928,'pr7dga',27,2,1,'2011-08-28 17:57:00','2011-08-28 17:57:00'),(929,'og38c8',28,2,1,'2011-08-28 17:57:00','2011-08-28 17:57:00'),(930,'5r5v8c',29,2,1,'2011-08-28 17:57:00','2011-08-28 17:57:00'),(931,'ho44cw',30,2,1,'2011-08-28 17:57:00','2011-08-28 17:57:00'),(932,'zhn4am',31,2,1,'2011-08-28 17:57:00','2011-08-28 17:57:00'),(933,'e3z67c',113,2,1,'2011-08-28 17:57:00','2011-08-28 17:57:00'),(934,'sxpjht',114,2,1,'2011-08-28 17:57:00','2011-08-28 17:57:00'),(935,'86rkq4',115,2,1,'2011-08-28 17:57:00','2011-08-28 17:57:00'),(936,'8tnbnm',116,2,1,'2011-08-28 17:57:00','2011-08-28 17:57:00'),(938,'js53a0',118,2,1,'2011-08-28 17:57:00','2011-08-28 17:57:00'),(939,'v4zt36',119,2,1,'2011-08-28 17:57:00','2011-08-28 17:57:00'),(940,'4xpg2n',120,2,1,'2011-08-28 17:57:00','2011-08-28 17:57:00'),(941,'c2jgfw',121,2,1,'2011-08-28 17:57:00','2011-08-28 17:57:00'),(942,'7nzaq4',122,2,1,'2011-08-28 17:57:00','2011-08-28 17:57:00'),(943,'snm5xc',129,2,1,'2011-08-28 17:57:00','2011-08-28 17:57:00'),(944,'k3xscz',130,2,1,'2011-08-28 17:57:00','2011-08-28 17:57:00'),(945,'dqokjf',131,2,1,'2011-08-28 17:57:00','2011-08-28 17:57:00'),(946,'7skog4',132,2,1,'2011-08-28 17:57:00','2011-08-28 17:57:00'),(948,'ptdb8a',1,3,1,'2011-08-28 17:57:00','2011-08-28 17:57:00'),(949,'vxvmz5',2,3,1,'2011-08-28 17:57:00','2011-08-28 17:57:00'),(950,'e8b7ce',3,3,1,'2011-08-28 17:57:00','2011-08-28 17:57:00'),(951,'x0c0st',4,3,1,'2011-08-28 17:57:00','2011-08-28 17:57:00'),(952,'4ozg7a',5,3,1,'2011-08-28 17:57:00','2011-08-28 17:57:00'),(953,'ze75kr',6,3,1,'2011-08-28 17:57:00','2011-08-28 17:57:00'),(954,'njb7cr',7,3,1,'2011-08-28 17:57:00','2011-08-28 17:57:00'),(955,'qmo6aa',8,3,1,'2011-08-28 17:57:01','2011-08-28 17:57:01'),(956,'0mg7p4',9,3,1,'2011-08-28 17:57:01','2011-08-28 17:57:01'),(957,'3rooxm',10,3,1,'2011-08-28 17:57:01','2011-08-28 17:57:01'),(958,'fo2fdx',11,3,1,'2011-08-28 17:57:01','2011-08-28 17:57:01'),(959,'j407q2',12,3,1,'2011-08-28 17:57:01','2011-08-28 17:57:01'),(960,'xgs0hj',13,3,1,'2011-08-28 17:57:01','2011-08-28 17:57:01'),(961,'87xcxo',14,3,1,'2011-08-28 17:57:01','2011-08-28 17:57:01'),(962,'fwa54t',15,3,1,'2011-08-28 17:57:01','2011-08-28 17:57:01'),(963,'ks8jyg',16,3,1,'2011-08-28 17:57:01','2011-08-28 17:57:01'),(964,'5cdnux',17,3,1,'2011-08-28 17:57:01','2011-08-28 17:57:01'),(965,'mxjbme',18,3,1,'2011-08-28 17:57:01','2011-08-28 17:57:01'),(966,'uxzeoh',19,3,1,'2011-08-28 17:57:01','2011-08-28 17:57:01'),(967,'b7z6e7',20,3,1,'2011-08-28 17:57:01','2011-08-28 17:57:01'),(968,'cgx80p',21,3,1,'2011-08-28 17:57:01','2011-08-28 17:57:01'),(969,'p8gq5r',22,3,1,'2011-08-28 17:57:01','2011-08-28 17:57:01'),(970,'2urc6x',23,3,1,'2011-08-28 17:57:01','2011-08-28 17:57:01'),(971,'avnt38',24,3,1,'2011-08-28 17:57:01','2011-08-28 17:57:01'),(972,'rtcxxr',25,3,1,'2011-08-28 17:57:01','2011-08-28 17:57:01'),(973,'56hwag',26,3,1,'2011-08-28 17:57:01','2011-08-28 17:57:01'),(974,'whukdr',27,3,1,'2011-08-28 17:57:01','2011-08-28 17:57:01'),(975,'a4b74z',28,3,1,'2011-08-28 17:57:01','2011-08-28 17:57:01'),(976,'v3f4ft',29,3,1,'2011-08-28 17:57:01','2011-08-28 17:57:01'),(977,'pjbxuz',30,3,1,'2011-08-28 17:57:01','2011-08-28 17:57:01'),(978,'3dkx72',31,3,1,'2011-08-28 17:57:01','2011-08-28 17:57:01'),(979,'rnxcbp',113,3,1,'2011-08-28 17:57:01','2011-08-28 17:57:01'),(980,'4bxoad',114,3,1,'2011-08-28 17:57:01','2011-08-28 17:57:01'),(981,'87tmgz',115,3,1,'2011-08-28 17:57:01','2011-08-28 17:57:01'),(982,'ew06vb',116,3,1,'2011-08-28 17:57:01','2011-08-28 17:57:01'),(984,'6qqhqo',118,3,1,'2011-08-28 17:57:01','2011-08-28 17:57:01'),(985,'x6jqtq',119,3,1,'2011-08-28 17:57:01','2011-08-28 17:57:01'),(986,'5ryntw',120,3,1,'2011-08-28 17:57:01','2011-08-28 17:57:01'),(987,'dd2ak8',121,3,1,'2011-08-28 17:57:01','2011-08-28 17:57:01'),(988,'mm0tzp',122,3,1,'2011-08-28 17:57:01','2011-08-28 17:57:01'),(989,'jdf0ur',129,3,1,'2011-08-28 17:57:01','2011-08-28 17:57:01'),(990,'5wf5rf',130,3,1,'2011-08-28 17:57:01','2011-08-28 17:57:01'),(991,'xjmo53',131,3,1,'2011-08-28 17:57:01','2011-08-28 17:57:01'),(992,'uroj7y',132,3,1,'2011-08-28 17:57:01','2011-08-28 17:57:01'),(994,'opy3rf',1,4,1,'2011-08-28 17:57:01','2011-08-28 17:57:01'),(995,'ko5tzr',2,4,1,'2011-08-28 17:57:01','2011-08-28 17:57:01'),(996,'np78bt',3,4,1,'2011-08-28 17:57:01','2011-08-28 17:57:01'),(997,'sab7ou',4,4,1,'2011-08-28 17:57:01','2011-08-28 17:57:01'),(998,'z87j4q',5,4,1,'2011-08-28 17:57:01','2011-08-28 17:57:01'),(999,'azmpwd',6,4,1,'2011-08-28 17:57:01','2011-08-28 17:57:01'),(1000,'khs0w2',7,4,1,'2011-08-28 17:57:01','2011-08-28 17:57:01'),(1001,'xsa6ep',8,4,1,'2011-08-28 17:57:01','2011-08-28 17:57:01'),(1002,'te6dtg',9,4,1,'2011-08-28 17:57:01','2011-08-28 17:57:01'),(1003,'3c3m3y',10,4,1,'2011-08-28 17:57:01','2011-08-28 17:57:01'),(1004,'cnz2oj',11,4,1,'2011-08-28 17:57:01','2011-08-28 17:57:01'),(1005,'x08ybu',12,4,1,'2011-08-28 17:57:01','2011-08-28 17:57:01'),(1006,'be5mhu',13,4,1,'2011-08-28 17:57:01','2011-08-28 17:57:01'),(1007,'40meq8',14,4,1,'2011-08-28 17:57:01','2011-08-28 17:57:01'),(1008,'zkowmn',15,4,1,'2011-08-28 17:57:01','2011-08-28 17:57:01'),(1009,'nrmot4',16,4,1,'2011-08-28 17:57:01','2011-08-28 17:57:01'),(1010,'ycagrs',17,4,1,'2011-08-28 17:57:01','2011-08-28 17:57:01'),(1011,'8zrctv',18,4,1,'2011-08-28 17:57:01','2011-08-28 17:57:01'),(1012,'nfzb5p',19,4,1,'2011-08-28 17:57:01','2011-08-28 17:57:01'),(1013,'mfq5ug',20,4,1,'2011-08-28 17:57:01','2011-08-28 17:57:01'),(1014,'ek6vkr',21,4,1,'2011-08-28 17:57:01','2011-08-28 17:57:01'),(1015,'8wctem',22,4,1,'2011-08-28 17:57:01','2011-08-28 17:57:01'),(1016,'qpwwhk',23,4,1,'2011-08-28 17:57:01','2011-08-28 17:57:01'),(1017,'w2wq3d',24,4,1,'2011-08-28 17:57:01','2011-08-28 17:57:01'),(1018,'edvd6k',25,4,1,'2011-08-28 17:57:01','2011-08-28 17:57:01'),(1019,'ufvd0p',26,4,1,'2011-08-28 17:57:01','2011-08-28 17:57:01'),(1020,'fv3a0e',27,4,1,'2011-08-28 17:57:01','2011-08-28 17:57:01'),(1021,'y7uja2',28,4,1,'2011-08-28 17:57:01','2011-08-28 17:57:01'),(1022,'negk5t',29,4,1,'2011-08-28 17:57:01','2011-08-28 17:57:01'),(1023,'xm5z24',30,4,1,'2011-08-28 17:57:01','2011-08-28 17:57:01'),(1024,'2y63ht',31,4,1,'2011-08-28 17:57:01','2011-08-28 17:57:01'),(1025,'m73zsk',113,4,1,'2011-08-28 17:57:01','2011-08-28 17:57:01'),(1026,'kp5kna',114,4,1,'2011-08-28 17:57:01','2011-08-28 17:57:01'),(1027,'t7xjvp',115,4,1,'2011-08-28 17:57:01','2011-08-28 17:57:01'),(1028,'wnpysb',116,4,1,'2011-08-28 17:57:01','2011-08-28 17:57:01'),(1030,'4vmgag',118,4,1,'2011-08-28 17:57:01','2011-08-28 17:57:01'),(1031,'n56cxu',119,4,1,'2011-08-28 17:57:01','2011-08-28 17:57:01'),(1032,'83qgdm',120,4,1,'2011-08-28 17:57:01','2011-08-28 17:57:01'),(1033,'74y47g',121,4,1,'2011-08-28 17:57:01','2011-08-28 17:57:01'),(1034,'6rs5m8',122,4,1,'2011-08-28 17:57:01','2011-08-28 17:57:01'),(1035,'bk8rqd',129,4,1,'2011-08-28 17:57:01','2011-08-28 17:57:01'),(1036,'fb7vhy',130,4,1,'2011-08-28 17:57:01','2011-08-28 17:57:01'),(1037,'vvzwgm',131,4,1,'2011-08-28 17:57:01','2011-08-28 17:57:01'),(1038,'86aowm',132,4,1,'2011-08-28 17:57:01','2011-08-28 17:57:01'),(1040,'nm5xr7',32,5,2,'2011-08-28 17:57:01','2011-08-28 17:57:01'),(1041,'jm3drs',33,5,2,'2011-08-28 17:57:01','2011-08-28 17:57:01'),(1042,'hgegdr',34,5,2,'2011-08-28 17:57:01','2011-08-28 17:57:01'),(1043,'gj6587',35,5,2,'2011-08-28 17:57:01','2011-08-28 17:57:01'),(1044,'tjhmu4',36,5,2,'2011-08-28 17:57:01','2011-08-28 17:57:01'),(1045,'gefr3y',37,5,2,'2011-08-28 17:57:01','2011-08-28 17:57:01'),(1046,'apfp22',38,5,2,'2011-08-28 17:57:01','2011-08-28 17:57:01'),(1047,'zsk5wf',39,5,2,'2011-08-28 17:57:01','2011-08-28 17:57:01'),(1048,'88uu2j',40,5,2,'2011-08-28 17:57:01','2011-08-28 17:57:01'),(1049,'vdbmmc',41,5,2,'2011-08-28 17:57:01','2011-08-28 17:57:01'),(1050,'cjpcbj',42,5,2,'2011-08-28 17:57:01','2011-08-28 17:57:01'),(1051,'pu7bbk',43,5,2,'2011-08-28 17:57:01','2011-08-28 17:57:01'),(1052,'mxef8c',44,5,2,'2011-08-28 17:57:01','2011-08-28 17:57:01'),(1053,'fpv0er',45,5,2,'2011-08-28 17:57:01','2011-08-28 17:57:01'),(1055,'bqtoqg',47,5,2,'2011-08-28 17:57:01','2011-08-28 17:57:01'),(1056,'ttmsnu',48,5,2,'2011-08-28 17:57:01','2011-08-28 17:57:01'),(1057,'b77xy4',49,5,2,'2011-08-28 17:57:01','2011-08-28 17:57:01'),(1058,'zoneba',50,5,2,'2011-08-28 17:57:01','2011-08-28 17:57:01'),(1059,'6k727b',51,5,2,'2011-08-28 17:57:01','2011-08-28 17:57:01'),(1060,'foc42j',52,5,2,'2011-08-28 17:57:01','2011-08-28 17:57:01'),(1061,'btfm38',53,5,2,'2011-08-28 17:57:01','2011-08-28 17:57:01'),(1062,'d2f523',54,5,2,'2011-08-28 17:57:01','2011-08-28 17:57:01'),(1063,'2u4r3k',55,5,2,'2011-08-28 17:57:01','2011-08-28 17:57:01'),(1064,'56b37p',56,5,2,'2011-08-28 17:57:01','2011-08-28 17:57:01'),(1065,'8o4b0w',57,5,2,'2011-08-28 17:57:01','2011-08-28 17:57:01'),(1066,'narxpb',58,5,2,'2011-08-28 17:57:01','2011-08-28 17:57:01'),(1067,'n5q35a',59,5,2,'2011-08-28 17:57:01','2011-08-28 17:57:01'),(1068,'jgwtyx',60,5,2,'2011-08-28 17:57:01','2011-08-28 17:57:01'),(1069,'8fadec',61,5,2,'2011-08-28 17:57:01','2011-08-28 17:57:01'),(1070,'mz5mzf',62,5,2,'2011-08-28 17:57:01','2011-08-28 17:57:01'),(1071,'wmmdeg',63,5,2,'2011-08-28 17:57:01','2011-08-28 17:57:01'),(1072,'e5fnn5',64,5,2,'2011-08-28 17:57:01','2011-08-28 17:57:01'),(1073,'z4p5ho',65,5,2,'2011-08-28 17:57:01','2011-08-28 17:57:01'),(1074,'xu6oc7',66,5,2,'2011-08-28 17:57:01','2011-08-28 17:57:01'),(1075,'eb58sf',67,5,2,'2011-08-28 17:57:01','2011-08-28 17:57:01'),(1076,'thxn7e',113,5,2,'2011-08-28 17:57:01','2011-08-28 17:57:01'),(1077,'tngk2e',114,5,2,'2011-08-28 17:57:01','2011-08-28 17:57:01'),(1078,'xzoykn',115,5,2,'2011-08-28 17:57:01','2011-08-28 17:57:01'),(1079,'3bqajx',116,5,2,'2011-08-28 17:57:01','2011-08-28 17:57:01'),(1081,'npxy0q',118,5,2,'2011-08-28 17:57:01','2011-08-28 17:57:01'),(1082,'8rm3xu',119,5,2,'2011-08-28 17:57:01','2011-08-28 17:57:01'),(1083,'fke50q',120,5,2,'2011-08-28 17:57:01','2011-08-28 17:57:01'),(1084,'u8happ',121,5,2,'2011-08-28 17:57:01','2011-08-28 17:57:01'),(1085,'g433t6',122,5,2,'2011-08-28 17:57:01','2011-08-28 17:57:01'),(1086,'emcrsg',123,5,2,'2011-08-28 17:57:01','2011-08-28 17:57:01'),(1087,'0vvc5z',124,5,2,'2011-08-28 17:57:01','2011-08-28 17:57:01'),(1088,'kghcpr',125,5,2,'2011-08-28 17:57:01','2011-08-28 17:57:01'),(1089,'6m4zq5',126,5,2,'2011-08-28 17:57:01','2011-08-28 17:57:01'),(1090,'kv0utb',127,5,2,'2011-08-28 17:57:01','2011-08-28 17:57:01'),(1091,'v5buob',128,5,2,'2011-08-28 17:57:01','2011-08-28 17:57:01'),(1092,'u8e3y2',129,5,2,'2011-08-28 17:57:01','2011-08-28 17:57:01'),(1093,'2vec4k',130,5,2,'2011-08-28 17:57:01','2011-08-28 17:57:01'),(1094,'c254cq',131,5,2,'2011-08-28 17:57:01','2011-08-28 17:57:01'),(1095,'whgj2r',132,5,2,'2011-08-28 17:57:01','2011-08-28 17:57:01'),(1097,'m3n47p',32,6,2,'2011-08-28 17:57:01','2011-08-28 17:57:01'),(1098,'re3nes',33,6,2,'2011-08-28 17:57:01','2011-08-28 17:57:01'),(1099,'hfxnmo',34,6,2,'2011-08-28 17:57:01','2011-08-28 17:57:01'),(1100,'encr8w',35,6,2,'2011-08-28 17:57:01','2011-08-28 17:57:01'),(1101,'ro2z2s',36,6,2,'2011-08-28 17:57:01','2011-08-28 17:57:01'),(1102,'pk0kbd',37,6,2,'2011-08-28 17:57:01','2011-08-28 17:57:01'),(1103,'qrsnjr',38,6,2,'2011-08-28 17:57:01','2011-08-28 17:57:01'),(1104,'8ygxkq',39,6,2,'2011-08-28 17:57:01','2011-08-28 17:57:01'),(1105,'s86ran',40,6,2,'2011-08-28 17:57:01','2011-08-28 17:57:01'),(1106,'0cmgb2',41,6,2,'2011-08-28 17:57:01','2011-08-28 17:57:01'),(1107,'fn0mu6',42,6,2,'2011-08-28 17:57:01','2011-08-28 17:57:01'),(1108,'ajej40',43,6,2,'2011-08-28 17:57:02','2011-08-28 17:57:02'),(1109,'kot6uc',44,6,2,'2011-08-28 17:57:02','2011-08-28 17:57:02'),(1110,'gda78q',45,6,2,'2011-08-28 17:57:02','2011-08-28 17:57:02'),(1112,'uf35o6',47,6,2,'2011-08-28 17:57:02','2011-08-28 17:57:02'),(1113,'q58emt',48,6,2,'2011-08-28 17:57:02','2011-08-28 17:57:02'),(1114,'hayygw',49,6,2,'2011-08-28 17:57:02','2011-08-28 17:57:02'),(1115,'p6u20s',50,6,2,'2011-08-28 17:57:02','2011-08-28 17:57:02'),(1116,'mjquhq',51,6,2,'2011-08-28 17:57:02','2011-08-28 17:57:02'),(1117,'yvk7t3',52,6,2,'2011-08-28 17:57:02','2011-08-28 17:57:02'),(1118,'v3yvju',53,6,2,'2011-08-28 17:57:02','2011-08-28 17:57:02'),(1119,'p74nsp',54,6,2,'2011-08-28 17:57:02','2011-08-28 17:57:02'),(1120,'mcc4fq',55,6,2,'2011-08-28 17:57:02','2011-08-28 17:57:02'),(1121,'7bvjy2',56,6,2,'2011-08-28 17:57:02','2011-08-28 17:57:02'),(1122,'s2tvht',57,6,2,'2011-08-28 17:57:02','2011-08-28 17:57:02'),(1123,'wdyd4c',58,6,2,'2011-08-28 17:57:02','2011-08-28 17:57:02'),(1124,'23o308',59,6,2,'2011-08-28 17:57:02','2011-08-28 17:57:02'),(1125,'quo0zj',60,6,2,'2011-08-28 17:57:02','2011-08-28 17:57:02'),(1126,'0j6wz8',61,6,2,'2011-08-28 17:57:02','2011-08-28 17:57:02'),(1127,'n74nhv',62,6,2,'2011-08-28 17:57:02','2011-08-28 17:57:02'),(1128,'y0hnp3',63,6,2,'2011-08-28 17:57:02','2011-08-28 17:57:02'),(1129,'ego26h',64,6,2,'2011-08-28 17:57:02','2011-08-28 17:57:02'),(1130,'2v0hvb',65,6,2,'2011-08-28 17:57:02','2011-08-28 17:57:02'),(1131,'ojw36w',66,6,2,'2011-08-28 17:57:02','2011-08-28 17:57:02'),(1132,'zcazgk',67,6,2,'2011-08-28 17:57:02','2011-08-28 17:57:02'),(1133,'k40wm6',113,6,2,'2011-08-28 17:57:02','2011-08-28 17:57:02'),(1134,'f837h7',114,6,2,'2011-08-28 17:57:02','2011-08-28 17:57:02'),(1135,'ftq2d8',115,6,2,'2011-08-28 17:57:02','2011-08-28 17:57:02'),(1136,'xqbwuw',116,6,2,'2011-08-28 17:57:02','2011-08-28 17:57:02'),(1138,'enqk62',118,6,2,'2011-08-28 17:57:02','2011-08-28 17:57:02'),(1139,'pfdnzp',119,6,2,'2011-08-28 17:57:02','2011-08-28 17:57:02'),(1140,'4dzu6o',120,6,2,'2011-08-28 17:57:02','2011-08-28 17:57:02'),(1141,'uqagbz',121,6,2,'2011-08-28 17:57:02','2011-08-28 17:57:02'),(1142,'53xxcu',122,6,2,'2011-08-28 17:57:02','2011-08-28 17:57:02'),(1143,'z4gzbn',123,6,2,'2011-08-28 17:57:02','2011-08-28 17:57:02'),(1144,'8v3os6',124,6,2,'2011-08-28 17:57:02','2011-08-28 17:57:02'),(1145,'kt5w7m',125,6,2,'2011-08-28 17:57:02','2011-08-28 17:57:02'),(1146,'oowkoj',126,6,2,'2011-08-28 17:57:02','2011-08-28 17:57:02'),(1147,'t8a2uh',127,6,2,'2011-08-28 17:57:02','2011-08-28 17:57:02'),(1148,'88ujtj',128,6,2,'2011-08-28 17:57:02','2011-08-28 17:57:02'),(1149,'8tmqed',129,6,2,'2011-08-28 17:57:02','2011-08-28 17:57:02'),(1150,'3yuxkk',130,6,2,'2011-08-28 17:57:02','2011-08-28 17:57:02'),(1151,'jq264z',131,6,2,'2011-08-28 17:57:02','2011-08-28 17:57:02'),(1152,'6mrehu',132,6,2,'2011-08-28 17:57:02','2011-08-28 17:57:02'),(1154,'2orfza',32,7,2,'2011-08-28 17:57:02','2011-08-28 17:57:02'),(1155,'duo6bu',33,7,2,'2011-08-28 17:57:02','2011-08-28 17:57:02'),(1156,'e3unom',34,7,2,'2011-08-28 17:57:02','2011-08-28 17:57:02'),(1157,'zjp3u8',35,7,2,'2011-08-28 17:57:02','2011-08-28 17:57:02'),(1158,'zeqody',36,7,2,'2011-08-28 17:57:02','2011-08-28 17:57:02'),(1159,'ptq28u',37,7,2,'2011-08-28 17:57:02','2011-08-28 17:57:02'),(1160,'68p6v2',38,7,2,'2011-08-28 17:57:02','2011-08-28 17:57:02'),(1161,'w4bjdr',39,7,2,'2011-08-28 17:57:02','2011-08-28 17:57:02'),(1162,'ut5eet',40,7,2,'2011-08-28 17:57:02','2011-08-28 17:57:02'),(1163,'72txpz',41,7,2,'2011-08-28 17:57:02','2011-08-28 17:57:02'),(1164,'uqo3jz',42,7,2,'2011-08-28 17:57:02','2011-08-28 17:57:02'),(1165,'nsn35y',43,7,2,'2011-08-28 17:57:02','2011-08-28 17:57:02'),(1166,'d3x252',44,7,2,'2011-08-28 17:57:02','2011-08-28 17:57:02'),(1167,'vbq60a',45,7,2,'2011-08-28 17:57:02','2011-08-28 17:57:02'),(1169,'orpogd',47,7,2,'2011-08-28 17:57:02','2011-08-28 17:57:02'),(1170,'s7jfj0',48,7,2,'2011-08-28 17:57:02','2011-08-28 17:57:02'),(1171,'k2nj6v',49,7,2,'2011-08-28 17:57:02','2011-08-28 17:57:02'),(1172,'gc3hf3',50,7,2,'2011-08-28 17:57:02','2011-08-28 17:57:02'),(1173,'q0pt6w',51,7,2,'2011-08-28 17:57:02','2011-08-28 17:57:02'),(1174,'xwpp57',52,7,2,'2011-08-28 17:57:02','2011-08-28 17:57:02'),(1175,'pjqce7',53,7,2,'2011-08-28 17:57:02','2011-08-28 17:57:02'),(1176,'nzezsb',54,7,2,'2011-08-28 17:57:02','2011-08-28 17:57:02'),(1177,'ehkuc3',55,7,2,'2011-08-28 17:57:02','2011-08-28 17:57:02'),(1178,'mppesr',56,7,2,'2011-08-28 17:57:02','2011-08-28 17:57:02'),(1179,'aacz2w',57,7,2,'2011-08-28 17:57:02','2011-08-28 17:57:02'),(1180,'rjdvt0',58,7,2,'2011-08-28 17:57:02','2011-08-28 17:57:02'),(1181,'xqvueu',59,7,2,'2011-08-28 17:57:02','2011-08-28 17:57:02'),(1182,'yoacxv',60,7,2,'2011-08-28 17:57:02','2011-08-28 17:57:02'),(1183,'7tczgr',61,7,2,'2011-08-28 17:57:02','2011-08-28 17:57:02'),(1184,'xjebvt',62,7,2,'2011-08-28 17:57:02','2011-08-28 17:57:02'),(1185,'yuw7ky',63,7,2,'2011-08-28 17:57:02','2011-08-28 17:57:02'),(1186,'sb2pmy',64,7,2,'2011-08-28 17:57:02','2011-08-28 17:57:02'),(1187,'oy7j5c',65,7,2,'2011-08-28 17:57:02','2011-08-28 17:57:02'),(1188,'4q3zwd',66,7,2,'2011-08-28 17:57:02','2011-08-28 17:57:02'),(1189,'oe3jzw',67,7,2,'2011-08-28 17:57:02','2011-08-28 17:57:02'),(1190,'wnn4xa',113,7,2,'2011-08-28 17:57:02','2011-08-28 17:57:02'),(1191,'5rp5pf',114,7,2,'2011-08-28 17:57:02','2011-08-28 17:57:02'),(1192,'xtcdjp',115,7,2,'2011-08-28 17:57:02','2011-08-28 17:57:02'),(1193,'2b87cs',116,7,2,'2011-08-28 17:57:02','2011-08-28 17:57:02'),(1195,'2q7qdb',118,7,2,'2011-08-28 17:57:02','2011-08-28 17:57:02'),(1196,'268whg',119,7,2,'2011-08-28 17:57:02','2011-08-28 17:57:02'),(1197,'s3c4ob',120,7,2,'2011-08-28 17:57:02','2011-08-28 17:57:02'),(1198,'8cvf0n',121,7,2,'2011-08-28 17:57:02','2011-08-28 17:57:02'),(1199,'zzmdaw',122,7,2,'2011-08-28 17:57:02','2011-08-28 17:57:02'),(1200,'6y6nfu',123,7,2,'2011-08-28 17:57:02','2011-08-28 17:57:02'),(1201,'65wh4o',124,7,2,'2011-08-28 17:57:02','2011-08-28 17:57:02'),(1202,'4kumec',125,7,2,'2011-08-28 17:57:02','2011-08-28 17:57:02'),(1203,'2qdkqd',126,7,2,'2011-08-28 17:57:02','2011-08-28 17:57:02'),(1204,'mv87dk',127,7,2,'2011-08-28 17:57:02','2011-08-28 17:57:02'),(1205,'pbx82r',128,7,2,'2011-08-28 17:57:02','2011-08-28 17:57:02'),(1206,'n5wpmo',129,7,2,'2011-08-28 17:57:02','2011-08-28 17:57:02'),(1207,'to3ajy',130,7,2,'2011-08-28 17:57:02','2011-08-28 17:57:02'),(1208,'hfv3ka',131,7,2,'2011-08-28 17:57:02','2011-08-28 17:57:02'),(1209,'fag464',132,7,2,'2011-08-28 17:57:02','2011-08-28 17:57:02'),(1211,'g36ya2',32,8,2,'2011-08-28 17:57:02','2011-08-28 17:57:02'),(1212,'ed5j2c',33,8,2,'2011-08-28 17:57:02','2011-08-28 17:57:02'),(1213,'ab6tmt',34,8,2,'2011-08-28 17:57:02','2011-08-28 17:57:02'),(1214,'ecuddz',35,8,2,'2011-08-28 17:57:02','2011-08-28 17:57:02'),(1215,'37frxf',36,8,2,'2011-08-28 17:57:02','2011-08-28 17:57:02'),(1216,'rwp2nt',37,8,2,'2011-08-28 17:57:02','2011-08-28 17:57:02'),(1217,'kg757v',38,8,2,'2011-08-28 17:57:02','2011-08-28 17:57:02'),(1218,'6egv57',39,8,2,'2011-08-28 17:57:02','2011-08-28 17:57:02'),(1219,'jjabry',40,8,2,'2011-08-28 17:57:02','2011-08-28 17:57:02'),(1220,'a54oub',41,8,2,'2011-08-28 17:57:02','2011-08-28 17:57:02'),(1221,'7m7zph',42,8,2,'2011-08-28 17:57:02','2011-08-28 17:57:02'),(1222,'5p70jm',43,8,2,'2011-08-28 17:57:02','2011-08-28 17:57:02'),(1223,'ev2cp2',44,8,2,'2011-08-28 17:57:02','2011-08-28 17:57:02'),(1224,'6ec5p3',45,8,2,'2011-08-28 17:57:02','2011-08-28 17:57:02'),(1226,'mfrx3r',47,8,2,'2011-08-28 17:57:02','2011-08-28 17:57:02'),(1227,'wt5exw',48,8,2,'2011-08-28 17:57:02','2011-08-28 17:57:02'),(1228,'2etaad',49,8,2,'2011-08-28 17:57:02','2011-08-28 17:57:02'),(1229,'tmevkh',50,8,2,'2011-08-28 17:57:02','2011-08-28 17:57:02'),(1230,'jt4gvv',51,8,2,'2011-08-28 17:57:02','2011-08-28 17:57:02'),(1231,'hx6auw',52,8,2,'2011-08-28 17:57:02','2011-08-28 17:57:02'),(1232,'m8ghcm',53,8,2,'2011-08-28 17:57:02','2011-08-28 17:57:02'),(1233,'0b6zrx',54,8,2,'2011-08-28 17:57:02','2011-08-28 17:57:02'),(1234,'7g3y4b',55,8,2,'2011-08-28 17:57:02','2011-08-28 17:57:02'),(1235,'h0njf0',56,8,2,'2011-08-28 17:57:02','2011-08-28 17:57:02'),(1236,'dvvkma',57,8,2,'2011-08-28 17:57:02','2011-08-28 17:57:02'),(1237,'js6spq',58,8,2,'2011-08-28 17:57:02','2011-08-28 17:57:02'),(1238,'8zoy2y',59,8,2,'2011-08-28 17:57:02','2011-08-28 17:57:02'),(1239,'my7rem',60,8,2,'2011-08-28 17:57:02','2011-08-28 17:57:02'),(1240,'n6s08v',61,8,2,'2011-08-28 17:57:02','2011-08-28 17:57:02'),(1241,'sg35ch',62,8,2,'2011-08-28 17:57:02','2011-08-28 17:57:02'),(1242,'abzm45',63,8,2,'2011-08-28 17:57:02','2011-08-28 17:57:02'),(1243,'aohhf8',64,8,2,'2011-08-28 17:57:02','2011-08-28 17:57:02'),(1244,'2eoxg8',65,8,2,'2011-08-28 17:57:02','2011-08-28 17:57:02'),(1245,'z7cmh2',66,8,2,'2011-08-28 17:57:02','2011-08-28 17:57:02'),(1246,'nm03om',67,8,2,'2011-08-28 17:57:02','2011-08-28 17:57:02'),(1247,'uzmqdf',113,8,2,'2011-08-28 17:57:02','2011-08-28 17:57:02'),(1248,'432r3w',114,8,2,'2011-08-28 17:57:02','2011-08-28 17:57:02'),(1249,'dpszn5',115,8,2,'2011-08-28 17:57:02','2011-08-28 17:57:02'),(1250,'uda3ja',116,8,2,'2011-08-28 17:57:02','2011-08-28 17:57:02'),(1252,'mjgbas',118,8,2,'2011-08-28 17:57:02','2011-08-28 17:57:02'),(1253,'w5cqyo',119,8,2,'2011-08-28 17:57:02','2011-08-28 17:57:02'),(1254,'ovnubo',120,8,2,'2011-08-28 17:57:02','2011-08-28 17:57:02'),(1255,'js26ek',121,8,2,'2011-08-28 17:57:02','2011-08-28 17:57:02'),(1256,'80j6tt',122,8,2,'2011-08-28 17:57:02','2011-08-28 17:57:02'),(1257,'rdu4dk',123,8,2,'2011-08-28 17:57:02','2011-08-28 17:57:02'),(1258,'z7pxbz',124,8,2,'2011-08-28 17:57:02','2011-08-28 17:57:02'),(1259,'t4vvwa',125,8,2,'2011-08-28 17:57:03','2011-08-28 17:57:03'),(1260,'rwgzge',126,8,2,'2011-08-28 17:57:03','2011-08-28 17:57:03'),(1261,'cqvqag',127,8,2,'2011-08-28 17:57:03','2011-08-28 17:57:03'),(1262,'7v65aq',128,8,2,'2011-08-28 17:57:03','2011-08-28 17:57:03'),(1263,'snwqt5',129,8,2,'2011-08-28 17:57:03','2011-08-28 17:57:03'),(1264,'naowf4',130,8,2,'2011-08-28 17:57:03','2011-08-28 17:57:03'),(1265,'tazed5',131,8,2,'2011-08-28 17:57:03','2011-08-28 17:57:03'),(1266,'m25csq',132,8,2,'2011-08-28 17:57:03','2011-08-28 17:57:03'),(1268,'pf2y6x',68,9,3,'2011-08-28 17:57:03','2011-08-28 17:57:03'),(1269,'emnapp',69,9,3,'2011-08-28 17:57:03','2011-08-28 17:57:03'),(1270,'rv748o',70,9,3,'2011-08-28 17:57:03','2011-08-28 17:57:03'),(1271,'ygorte',71,9,3,'2011-08-28 17:57:03','2011-08-28 17:57:03'),(1272,'0vc007',72,9,3,'2011-08-28 17:57:03','2011-08-28 17:57:03'),(1273,'h4ebur',73,9,3,'2011-08-28 17:57:03','2011-08-28 17:57:03'),(1274,'4m2wtm',74,9,3,'2011-08-28 17:57:03','2011-08-28 17:57:03'),(1275,'regd6v',75,9,3,'2011-08-28 17:57:03','2011-08-28 17:57:03'),(1276,'bd7k8p',76,9,3,'2011-08-28 17:57:03','2011-08-28 17:57:03'),(1277,'cwekjs',77,9,3,'2011-08-28 17:57:03','2011-08-28 17:57:03'),(1278,'d3apc5',78,9,3,'2011-08-28 17:57:03','2011-08-28 17:57:03'),(1279,'65qenc',79,9,3,'2011-08-28 17:57:03','2011-08-28 17:57:03'),(1280,'6v66pw',80,9,3,'2011-08-28 17:57:03','2011-08-28 17:57:03'),(1281,'4knauy',81,9,3,'2011-08-28 17:57:03','2011-08-28 17:57:03'),(1282,'q645f4',82,9,3,'2011-08-28 17:57:03','2011-08-28 17:57:03'),(1283,'aezfmj',83,9,3,'2011-08-28 17:57:03','2011-08-28 17:57:03'),(1284,'jonpzf',84,9,3,'2011-08-28 17:57:03','2011-08-28 17:57:03'),(1286,'p4ssbh',86,9,3,'2011-08-28 17:57:03','2011-08-28 17:57:03'),(1287,'u2woom',87,9,3,'2011-08-28 17:57:03','2011-08-28 17:57:03'),(1288,'gsv7t3',88,9,3,'2011-08-28 17:57:03','2011-08-28 17:57:03'),(1289,'q5a4rq',89,9,3,'2011-08-28 17:57:03','2011-08-28 17:57:03'),(1290,'jzwjr5',90,9,3,'2011-08-28 17:57:03','2011-08-28 17:57:03'),(1291,'w64bo8',91,9,3,'2011-08-28 17:57:03','2011-08-28 17:57:03'),(1292,'s2jxwq',92,9,3,'2011-08-28 17:57:03','2011-08-28 17:57:03'),(1293,'x2m6z0',93,9,3,'2011-08-28 17:57:03','2011-08-28 17:57:03'),(1294,'mjocrz',94,9,3,'2011-08-28 17:57:03','2011-08-28 17:57:03'),(1295,'hc877d',95,9,3,'2011-08-28 17:57:03','2011-08-28 17:57:03'),(1296,'6j4es2',96,9,3,'2011-08-28 17:57:03','2011-08-28 17:57:03'),(1297,'vxz2mc',97,9,3,'2011-08-28 17:57:03','2011-08-28 17:57:03'),(1298,'oct8k6',98,9,3,'2011-08-28 17:57:03','2011-08-28 17:57:03'),(1299,'sojuah',99,9,3,'2011-08-28 17:57:03','2011-08-28 17:57:03'),(1300,'kmtmne',100,9,3,'2011-08-28 17:57:03','2011-08-28 17:57:03'),(1301,'2qeofe',101,9,3,'2011-08-28 17:57:03','2011-08-28 17:57:03'),(1302,'28bj3y',102,9,3,'2011-08-28 17:57:03','2011-08-28 17:57:03'),(1303,'rd3qts',103,9,3,'2011-08-28 17:57:03','2011-08-28 17:57:03'),(1304,'rfh76s',104,9,3,'2011-08-28 17:57:03','2011-08-28 17:57:03'),(1305,'5g5hbn',105,9,3,'2011-08-28 17:57:03','2011-08-28 17:57:03'),(1306,'y7vb2n',106,9,3,'2011-08-28 17:57:03','2011-08-28 17:57:03'),(1307,'7jvety',107,9,3,'2011-08-28 17:57:03','2011-08-28 17:57:03'),(1308,'7jysso',108,9,3,'2011-08-28 17:57:03','2011-08-28 17:57:03'),(1309,'8gcx43',109,9,3,'2011-08-28 17:57:03','2011-08-28 17:57:03'),(1310,'jatpor',110,9,3,'2011-08-28 17:57:03','2011-08-28 17:57:03'),(1311,'kwuz38',111,9,3,'2011-08-28 17:57:03','2011-08-28 17:57:03'),(1312,'hehwg6',112,9,3,'2011-08-28 17:57:03','2011-08-28 17:57:03'),(1313,'8udq4v',123,9,3,'2011-08-28 17:57:03','2011-08-28 17:57:03'),(1314,'s457w8',124,9,3,'2011-08-28 17:57:03','2011-08-28 17:57:03'),(1315,'ytpqf2',125,9,3,'2011-08-28 17:57:03','2011-08-28 17:57:03'),(1316,'6vtuzj',126,9,3,'2011-08-28 17:57:03','2011-08-28 17:57:03'),(1317,'hds5aa',127,9,3,'2011-08-28 17:57:03','2011-08-28 17:57:03'),(1318,'snbpt7',128,9,3,'2011-08-28 17:57:03','2011-08-28 17:57:03'),(1319,'sregsp',129,9,3,'2011-08-28 17:57:03','2011-08-28 17:57:03'),(1320,'04zdho',130,9,3,'2011-08-28 17:57:03','2011-08-28 17:57:03'),(1321,'qq54te',131,9,3,'2011-08-28 17:57:03','2011-08-28 17:57:03'),(1322,'78fz0r',132,9,3,'2011-08-28 17:57:03','2011-08-28 17:57:03'),(1324,'nv03un',68,10,3,'2011-08-28 17:57:03','2011-08-28 17:57:03'),(1325,'qqkwjo',69,10,3,'2011-08-28 17:57:03','2011-08-28 17:57:03'),(1326,'atogb0',70,10,3,'2011-08-28 17:57:03','2011-08-28 17:57:03'),(1327,'zr3g8n',71,10,3,'2011-08-28 17:57:03','2011-08-28 17:57:03'),(1328,'ykjqk0',72,10,3,'2011-08-28 17:57:03','2011-08-28 17:57:03'),(1329,'5zx2gy',73,10,3,'2011-08-28 17:57:03','2011-08-28 17:57:03'),(1330,'mcdrkr',74,10,3,'2011-08-28 17:57:03','2011-08-28 17:57:03'),(1331,'73sq22',75,10,3,'2011-08-28 17:57:03','2011-08-28 17:57:03'),(1332,'5o4bfa',76,10,3,'2011-08-28 17:57:03','2011-08-28 17:57:03'),(1333,'4gw56d',77,10,3,'2011-08-28 17:57:03','2011-08-28 17:57:03'),(1334,'un62x8',78,10,3,'2011-08-28 17:57:03','2011-08-28 17:57:03'),(1335,'cjyufa',79,10,3,'2011-08-28 17:57:03','2011-08-28 17:57:03'),(1336,'zjbxrt',80,10,3,'2011-08-28 17:57:03','2011-08-28 17:57:03'),(1337,'nxc8pm',81,10,3,'2011-08-28 17:57:03','2011-08-28 17:57:03'),(1338,'qof3ej',82,10,3,'2011-08-28 17:57:03','2011-08-28 17:57:03'),(1339,'bj7mms',83,10,3,'2011-08-28 17:57:03','2011-08-28 17:57:03'),(1340,'qp33cn',84,10,3,'2011-08-28 17:57:03','2011-08-28 17:57:03'),(1342,'qtwf6y',86,10,3,'2011-08-28 17:57:03','2011-08-28 17:57:03'),(1343,'wh3t4s',87,10,3,'2011-08-28 17:57:03','2011-08-28 17:57:03'),(1344,'gcc35r',88,10,3,'2011-08-28 17:57:03','2011-08-28 17:57:03'),(1345,'bdb7yz',89,10,3,'2011-08-28 17:57:03','2011-08-28 17:57:03'),(1346,'0xu7sa',90,10,3,'2011-08-28 17:57:03','2011-08-28 17:57:03'),(1347,'oawtqs',91,10,3,'2011-08-28 17:57:03','2011-08-28 17:57:03'),(1348,'h6xp60',92,10,3,'2011-08-28 17:57:03','2011-08-28 17:57:03'),(1349,'vdgknh',93,10,3,'2011-08-28 17:57:03','2011-08-28 17:57:03'),(1350,'y35o5w',94,10,3,'2011-08-28 17:57:03','2011-08-28 17:57:03'),(1351,'syk88v',95,10,3,'2011-08-28 17:57:03','2011-08-28 17:57:03'),(1352,'bqkquv',96,10,3,'2011-08-28 17:57:03','2011-08-28 17:57:03'),(1353,'r0esq5',97,10,3,'2011-08-28 17:57:03','2011-08-28 17:57:03'),(1354,'qhwoeb',98,10,3,'2011-08-28 17:57:03','2011-08-28 17:57:03'),(1355,'54dt7u',99,10,3,'2011-08-28 17:57:03','2011-08-28 17:57:03'),(1356,'b77dyx',100,10,3,'2011-08-28 17:57:03','2011-08-28 17:57:03'),(1357,'s6a6bj',101,10,3,'2011-08-28 17:57:03','2011-08-28 17:57:03'),(1358,'bm2yqf',102,10,3,'2011-08-28 17:57:03','2011-08-28 17:57:03'),(1359,'6z7566',103,10,3,'2011-08-28 17:57:03','2011-08-28 17:57:03'),(1360,'q8og7e',104,10,3,'2011-08-28 17:57:03','2011-08-28 17:57:03'),(1361,'o52rqh',105,10,3,'2011-08-28 17:57:03','2011-08-28 17:57:03'),(1362,'qdjwmp',106,10,3,'2011-08-28 17:57:03','2011-08-28 17:57:03'),(1363,'g7k02e',107,10,3,'2011-08-28 17:57:03','2011-08-28 17:57:03'),(1364,'jxnnfe',108,10,3,'2011-08-28 17:57:03','2011-08-28 17:57:03'),(1365,'8km6gm',109,10,3,'2011-08-28 17:57:03','2011-08-28 17:57:03'),(1366,'e3saud',110,10,3,'2011-08-28 17:57:03','2011-08-28 17:57:03'),(1367,'xk3b66',111,10,3,'2011-08-28 17:57:03','2011-08-28 17:57:03'),(1368,'4zvm5b',112,10,3,'2011-08-28 17:57:03','2011-08-28 17:57:03'),(1369,'nkvh3k',123,10,3,'2011-08-28 17:57:03','2011-08-28 17:57:03'),(1370,'0wgebb',124,10,3,'2011-08-28 17:57:03','2011-08-28 17:57:03'),(1371,'phv7pf',125,10,3,'2011-08-28 17:57:03','2011-08-28 17:57:03'),(1372,'56ek44',126,10,3,'2011-08-28 17:57:03','2011-08-28 17:57:03'),(1373,'kjvuzh',127,10,3,'2011-08-28 17:57:03','2011-08-28 17:57:03'),(1374,'2zvhae',128,10,3,'2011-08-28 17:57:03','2011-08-28 17:57:03'),(1375,'wceotd',129,10,3,'2011-08-28 17:57:03','2011-08-28 17:57:03'),(1376,'506eyh',130,10,3,'2011-08-28 17:57:03','2011-08-28 17:57:03'),(1377,'7nwpyp',131,10,3,'2011-08-28 17:57:03','2011-08-28 17:57:03'),(1378,'aaqann',132,10,3,'2011-08-28 17:57:03','2011-08-28 17:57:03'),(1380,'6500hp',68,11,3,'2011-08-28 17:57:03','2011-08-28 17:57:03'),(1381,'ua2jv0',69,11,3,'2011-08-28 17:57:03','2011-08-28 17:57:03'),(1382,'5j5kg2',70,11,3,'2011-08-28 17:57:03','2011-08-28 17:57:03'),(1383,'opv6nv',71,11,3,'2011-08-28 17:57:03','2011-08-28 17:57:03'),(1384,'05dqzr',72,11,3,'2011-08-28 17:57:03','2011-08-28 17:57:03'),(1385,'34hadz',73,11,3,'2011-08-28 17:57:03','2011-08-28 17:57:03'),(1386,'bco35d',74,11,3,'2011-08-28 17:57:04','2011-08-28 17:57:04'),(1387,'k20zkf',75,11,3,'2011-08-28 17:57:04','2011-08-28 17:57:04'),(1388,'hp2gog',76,11,3,'2011-08-28 17:57:04','2011-08-28 17:57:04'),(1389,'bs7nr0',77,11,3,'2011-08-28 17:57:04','2011-08-28 17:57:04'),(1390,'7xhnjq',78,11,3,'2011-08-28 17:57:04','2011-08-28 17:57:04'),(1391,'2xbreh',79,11,3,'2011-08-28 17:57:04','2011-08-28 17:57:04'),(1392,'aaoztt',80,11,3,'2011-08-28 17:57:04','2011-08-28 17:57:04'),(1393,'seu3uq',81,11,3,'2011-08-28 17:57:04','2011-08-28 17:57:04'),(1394,'c2mkm8',82,11,3,'2011-08-28 17:57:04','2011-08-28 17:57:04'),(1395,'0gobj3',83,11,3,'2011-08-28 17:57:04','2011-08-28 17:57:04'),(1396,'yje4n7',84,11,3,'2011-08-28 17:57:04','2011-08-28 17:57:04'),(1398,'ttghm5',86,11,3,'2011-08-28 17:57:04','2011-08-28 17:57:04'),(1399,'phkted',87,11,3,'2011-08-28 17:57:04','2011-08-28 17:57:04'),(1400,'wnzjhz',88,11,3,'2011-08-28 17:57:04','2011-08-28 17:57:04'),(1401,'j4mcc8',89,11,3,'2011-08-28 17:57:04','2011-08-28 17:57:04'),(1402,'ayfqtw',90,11,3,'2011-08-28 17:57:04','2011-08-28 17:57:04'),(1403,'cdros3',91,11,3,'2011-08-28 17:57:04','2011-08-28 17:57:04'),(1404,'k7gar8',92,11,3,'2011-08-28 17:57:04','2011-08-28 17:57:04'),(1405,'agg2pm',93,11,3,'2011-08-28 17:57:04','2011-08-28 17:57:04'),(1406,'avm8sr',94,11,3,'2011-08-28 17:57:04','2011-08-28 17:57:04'),(1407,'6k6rgf',95,11,3,'2011-08-28 17:57:04','2011-08-28 17:57:04'),(1408,'6ss05r',96,11,3,'2011-08-28 17:57:04','2011-08-28 17:57:04'),(1409,'0ppgr2',97,11,3,'2011-08-28 17:57:04','2011-08-28 17:57:04'),(1410,'3k3cwp',98,11,3,'2011-08-28 17:57:04','2011-08-28 17:57:04'),(1411,'nfpuaf',99,11,3,'2011-08-28 17:57:04','2011-08-28 17:57:04'),(1412,'ycoqf0',100,11,3,'2011-08-28 17:57:04','2011-08-28 17:57:04'),(1413,'bou37m',101,11,3,'2011-08-28 17:57:04','2011-08-28 17:57:04'),(1414,'kkqjy4',102,11,3,'2011-08-28 17:57:04','2011-08-28 17:57:04'),(1415,'5zs42s',103,11,3,'2011-08-28 17:57:04','2011-08-28 17:57:04'),(1416,'pcxkfz',104,11,3,'2011-08-28 17:57:04','2011-08-28 17:57:04'),(1417,'vu84jk',105,11,3,'2011-08-28 17:57:04','2011-08-28 17:57:04'),(1418,'oyrwow',106,11,3,'2011-08-28 17:57:04','2011-08-28 17:57:04'),(1419,'084nmp',107,11,3,'2011-08-28 17:57:04','2011-08-28 17:57:04'),(1420,'ww2xjd',108,11,3,'2011-08-28 17:57:04','2011-08-28 17:57:04'),(1421,'4x0n8m',109,11,3,'2011-08-28 17:57:04','2011-08-28 17:57:04'),(1422,'zohgac',110,11,3,'2011-08-28 17:57:04','2011-08-28 17:57:04'),(1423,'q2xt6v',111,11,3,'2011-08-28 17:57:04','2011-08-28 17:57:04'),(1424,'juht40',112,11,3,'2011-08-28 17:57:04','2011-08-28 17:57:04'),(1425,'m8hzq5',123,11,3,'2011-08-28 17:57:04','2011-08-28 17:57:04'),(1426,'ywzqpv',124,11,3,'2011-08-28 17:57:04','2011-08-28 17:57:04'),(1427,'t3fj27',125,11,3,'2011-08-28 17:57:04','2011-08-28 17:57:04'),(1428,'nax4o5',126,11,3,'2011-08-28 17:57:04','2011-08-28 17:57:04'),(1429,'ygv3yz',127,11,3,'2011-08-28 17:57:04','2011-08-28 17:57:04'),(1430,'5k4ghv',128,11,3,'2011-08-28 17:57:04','2011-08-28 17:57:04'),(1431,'axhteh',129,11,3,'2011-08-28 17:57:04','2011-08-28 17:57:04'),(1432,'f6ozyu',130,11,3,'2011-08-28 17:57:04','2011-08-28 17:57:04'),(1433,'pjjbms',131,11,3,'2011-08-28 17:57:04','2011-08-28 17:57:04'),(1434,'cqbpq0',132,11,3,'2011-08-28 17:57:04','2011-08-28 17:57:04'),(1436,'h4d6qv',68,12,3,'2011-08-28 17:57:04','2011-08-28 17:57:04'),(1437,'qu4h72',69,12,3,'2011-08-28 17:57:04','2011-08-28 17:57:04'),(1438,'ufywdf',70,12,3,'2011-08-28 17:57:04','2011-08-28 17:57:04'),(1439,'zr5zdh',71,12,3,'2011-08-28 17:57:04','2011-08-28 17:57:04'),(1440,'aco5g5',72,12,3,'2011-08-28 17:57:04','2011-08-28 17:57:04'),(1441,'t4hfc3',73,12,3,'2011-08-28 17:57:04','2011-08-28 17:57:04'),(1442,'tzws5y',74,12,3,'2011-08-28 17:57:04','2011-08-28 17:57:04'),(1443,'q8nqmm',75,12,3,'2011-08-28 17:57:04','2011-08-28 17:57:04'),(1444,'crm8of',76,12,3,'2011-08-28 17:57:04','2011-08-28 17:57:04'),(1445,'7ap7wp',77,12,3,'2011-08-28 17:57:04','2011-08-28 17:57:04'),(1446,'ojzfcv',78,12,3,'2011-08-28 17:57:04','2011-08-28 17:57:04'),(1447,'oa3jab',79,12,3,'2011-08-28 17:57:04','2011-08-28 17:57:04'),(1448,'4jsjnq',80,12,3,'2011-08-28 17:57:04','2011-08-28 17:57:04'),(1449,'pvjh5z',81,12,3,'2011-08-28 17:57:04','2011-08-28 17:57:04'),(1450,'ce60gz',82,12,3,'2011-08-28 17:57:04','2011-08-28 17:57:04'),(1451,'radzx2',83,12,3,'2011-08-28 17:57:04','2011-08-28 17:57:04'),(1452,'32vejw',84,12,3,'2011-08-28 17:57:04','2011-08-28 17:57:04'),(1454,'wx0kzp',86,12,3,'2011-08-28 17:57:04','2011-08-28 17:57:04'),(1455,'vgdkqo',87,12,3,'2011-08-28 17:57:04','2011-08-28 17:57:04'),(1456,'daqtpf',88,12,3,'2011-08-28 17:57:04','2011-08-28 17:57:04'),(1457,'8t4z46',89,12,3,'2011-08-28 17:57:04','2011-08-28 17:57:04'),(1458,'25jsdn',90,12,3,'2011-08-28 17:57:04','2011-08-28 17:57:04'),(1459,'a4w5oc',91,12,3,'2011-08-28 17:57:04','2011-08-28 17:57:04'),(1460,'r84h58',92,12,3,'2011-08-28 17:57:04','2011-08-28 17:57:04'),(1461,'xke88p',93,12,3,'2011-08-28 17:57:04','2011-08-28 17:57:04'),(1462,'z4uyxk',94,12,3,'2011-08-28 17:57:04','2011-08-28 17:57:04'),(1463,'5d38yh',95,12,3,'2011-08-28 17:57:04','2011-08-28 17:57:04'),(1464,'rf7gzs',96,12,3,'2011-08-28 17:57:04','2011-08-28 17:57:04'),(1465,'cbkc76',97,12,3,'2011-08-28 17:57:04','2011-08-28 17:57:04'),(1466,'zq2nq5',98,12,3,'2011-08-28 17:57:04','2011-08-28 17:57:04'),(1467,'za62pw',99,12,3,'2011-08-28 17:57:04','2011-08-28 17:57:04'),(1468,'grzjcp',100,12,3,'2011-08-28 17:57:04','2011-08-28 17:57:04'),(1469,'5k3vkw',101,12,3,'2011-08-28 17:57:04','2011-08-28 17:57:04'),(1470,'pjknmm',102,12,3,'2011-08-28 17:57:04','2011-08-28 17:57:04'),(1471,'swuhym',103,12,3,'2011-08-28 17:57:04','2011-08-28 17:57:04'),(1472,'6k5ttc',104,12,3,'2011-08-28 17:57:04','2011-08-28 17:57:04'),(1473,'478x23',105,12,3,'2011-08-28 17:57:04','2011-08-28 17:57:04'),(1474,'en5cxj',106,12,3,'2011-08-28 17:57:04','2011-08-28 17:57:04'),(1475,'w44ye8',107,12,3,'2011-08-28 17:57:04','2011-08-28 17:57:04'),(1476,'mzsjj3',108,12,3,'2011-08-28 17:57:04','2011-08-28 17:57:04'),(1477,'anu4vr',109,12,3,'2011-08-28 17:57:04','2011-08-28 17:57:04'),(1478,'nxexh3',110,12,3,'2011-08-28 17:57:04','2011-08-28 17:57:04'),(1479,'tpxban',111,12,3,'2011-08-28 17:57:04','2011-08-28 17:57:04'),(1480,'t3q38m',112,12,3,'2011-08-28 17:57:04','2011-08-28 17:57:04'),(1481,'v5zjso',123,12,3,'2011-08-28 17:57:04','2011-08-28 17:57:04'),(1482,'sdzdug',124,12,3,'2011-08-28 17:57:04','2011-08-28 17:57:04'),(1483,'oggrne',125,12,3,'2011-08-28 17:57:04','2011-08-28 17:57:04'),(1484,'m8cvx8',126,12,3,'2011-08-28 17:57:04','2011-08-28 17:57:04'),(1485,'x26vze',127,12,3,'2011-08-28 17:57:04','2011-08-28 17:57:04'),(1486,'xfc8yp',128,12,3,'2011-08-28 17:57:04','2011-08-28 17:57:04'),(1487,'rj6h6p',129,12,3,'2011-08-28 17:57:04','2011-08-28 17:57:04'),(1488,'0m8x7y',130,12,3,'2011-08-28 17:57:04','2011-08-28 17:57:04'),(1489,'8outzc',131,12,3,'2011-08-28 17:57:04','2011-08-28 17:57:04'),(1490,'vqojgz',132,12,3,'2011-08-28 17:57:04','2011-08-28 17:57:04'),(1492,'q3hdy0',68,13,3,'2011-08-28 17:57:04','2011-08-28 17:57:04'),(1493,'g6ao0x',69,13,3,'2011-08-28 17:57:04','2011-08-28 17:57:04'),(1494,'djccwx',70,13,3,'2011-08-28 17:57:04','2011-08-28 17:57:04'),(1495,'bc4d4j',71,13,3,'2011-08-28 17:57:04','2011-08-28 17:57:04'),(1496,'z77zch',72,13,3,'2011-08-28 17:57:04','2011-08-28 17:57:04'),(1497,'mqdy5m',73,13,3,'2011-08-28 17:57:04','2011-08-28 17:57:04'),(1498,'w27tpn',74,13,3,'2011-08-28 17:57:04','2011-08-28 17:57:04'),(1499,'mgy0ao',75,13,3,'2011-08-28 17:57:04','2011-08-28 17:57:04'),(1500,'npnkym',76,13,3,'2011-08-28 17:57:04','2011-08-28 17:57:04'),(1501,'kc8pyc',77,13,3,'2011-08-28 17:57:04','2011-08-28 17:57:04'),(1502,'cogz5z',78,13,3,'2011-08-28 17:57:04','2011-08-28 17:57:04'),(1503,'zurxyk',79,13,3,'2011-08-28 17:57:04','2011-08-28 17:57:04'),(1504,'x42keo',80,13,3,'2011-08-28 17:57:04','2011-08-28 17:57:04'),(1505,'40t4zo',81,13,3,'2011-08-28 17:57:04','2011-08-28 17:57:04'),(1506,'zxqskn',82,13,3,'2011-08-28 17:57:04','2011-08-28 17:57:04'),(1507,'g3eagq',83,13,3,'2011-08-28 17:57:04','2011-08-28 17:57:04'),(1508,'p7mxmv',84,13,3,'2011-08-28 17:57:04','2011-08-28 17:57:04'),(1510,'07qcmk',86,13,3,'2011-08-28 17:57:04','2011-08-28 17:57:04'),(1511,'c55b8b',87,13,3,'2011-08-28 17:57:04','2011-08-28 17:57:04'),(1512,'wqrnuc',88,13,3,'2011-08-28 17:57:04','2011-08-28 17:57:04'),(1513,'hd57cg',89,13,3,'2011-08-28 17:57:04','2011-08-28 17:57:04'),(1514,'4vo3jk',90,13,3,'2011-08-28 17:57:04','2011-08-28 17:57:04'),(1515,'pqa5t4',91,13,3,'2011-08-28 17:57:04','2011-08-28 17:57:04'),(1516,'eeyo5c',92,13,3,'2011-08-28 17:57:04','2011-08-28 17:57:04'),(1517,'hyy5xx',93,13,3,'2011-08-28 17:57:04','2011-08-28 17:57:04'),(1518,'tk6cw8',94,13,3,'2011-08-28 17:57:04','2011-08-28 17:57:04'),(1519,'xa70gt',95,13,3,'2011-08-28 17:57:04','2011-08-28 17:57:04'),(1520,'65px4j',96,13,3,'2011-08-28 17:57:04','2011-08-28 17:57:04'),(1521,'kep22d',97,13,3,'2011-08-28 17:57:04','2011-08-28 17:57:04'),(1522,'2cxn5b',98,13,3,'2011-08-28 17:57:04','2011-08-28 17:57:04'),(1523,'y23at6',99,13,3,'2011-08-28 17:57:04','2011-08-28 17:57:04'),(1524,'bnbxk4',100,13,3,'2011-08-28 17:57:04','2011-08-28 17:57:04'),(1525,'ak5u50',101,13,3,'2011-08-28 17:57:04','2011-08-28 17:57:04'),(1526,'4dto0c',102,13,3,'2011-08-28 17:57:04','2011-08-28 17:57:04'),(1527,'cmxsqg',103,13,3,'2011-08-28 17:57:04','2011-08-28 17:57:04'),(1528,'2nshhf',104,13,3,'2011-08-28 17:57:04','2011-08-28 17:57:04'),(1529,'bvcaf4',105,13,3,'2011-08-28 17:57:04','2011-08-28 17:57:04'),(1530,'n3bkdc',106,13,3,'2011-08-28 17:57:04','2011-08-28 17:57:04'),(1531,'y4z260',107,13,3,'2011-08-28 17:57:04','2011-08-28 17:57:04'),(1532,'jdtanx',108,13,3,'2011-08-28 17:57:04','2011-08-28 17:57:04'),(1533,'z02uzd',109,13,3,'2011-08-28 17:57:04','2011-08-28 17:57:04'),(1534,'ou007c',110,13,3,'2011-08-28 17:57:04','2011-08-28 17:57:04'),(1535,'kxab7o',111,13,3,'2011-08-28 17:57:04','2011-08-28 17:57:04'),(1536,'882b0b',112,13,3,'2011-08-28 17:57:04','2011-08-28 17:57:04'),(1537,'ukdd8s',123,13,3,'2011-08-28 17:57:04','2011-08-28 17:57:04'),(1538,'rzwpax',124,13,3,'2011-08-28 17:57:04','2011-08-28 17:57:04'),(1539,'bdezqt',125,13,3,'2011-08-28 17:57:04','2011-08-28 17:57:04'),(1540,'v55w8m',126,13,3,'2011-08-28 17:57:04','2011-08-28 17:57:04'),(1541,'ezcdso',127,13,3,'2011-08-28 17:57:04','2011-08-28 17:57:04'),(1542,'vag5qw',128,13,3,'2011-08-28 17:57:04','2011-08-28 17:57:04'),(1543,'mreaew',129,13,3,'2011-08-28 17:57:04','2011-08-28 17:57:04'),(1544,'77uz8s',130,13,3,'2011-08-28 17:57:04','2011-08-28 17:57:04'),(1545,'n60ccv',131,13,3,'2011-08-28 17:57:04','2011-08-28 17:57:04'),(1546,'jd3mw4',132,13,3,'2011-08-28 17:57:04','2011-08-28 17:57:04'),(1548,'h33sns',68,14,4,'2011-08-28 17:57:05','2011-08-28 17:57:05'),(1549,'cbfqpe',69,14,4,'2011-08-28 17:57:05','2011-08-28 17:57:05'),(1550,'o350ck',70,14,4,'2011-08-28 17:57:05','2011-08-28 17:57:05'),(1551,'s8ruwz',71,14,4,'2011-08-28 17:57:05','2011-08-28 17:57:05'),(1552,'j4es8r',72,14,4,'2011-08-28 17:57:05','2011-08-28 17:57:05'),(1553,'b7ohw5',73,14,4,'2011-08-28 17:57:05','2011-08-28 17:57:05'),(1554,'nycfvv',74,14,4,'2011-08-28 17:57:05','2011-08-28 17:57:05'),(1555,'3b2sfx',75,14,4,'2011-08-28 17:57:05','2011-08-28 17:57:05'),(1556,'jwf7fv',78,14,4,'2011-08-28 17:57:05','2011-08-28 17:57:05'),(1557,'724ddy',80,14,4,'2011-08-28 17:57:05','2011-08-28 17:57:05'),(1558,'t0ph5n',82,14,4,'2011-08-28 17:57:05','2011-08-28 17:57:05'),(1559,'6kuwzp',83,14,4,'2011-08-28 17:57:05','2011-08-28 17:57:05'),(1560,'rheekz',84,14,4,'2011-08-28 17:57:05','2011-08-28 17:57:05'),(1561,'4v85mo',87,14,4,'2011-08-28 17:57:05','2011-08-28 17:57:05'),(1562,'8dsyxf',90,14,4,'2011-08-28 17:57:05','2011-08-28 17:57:05'),(1563,'uykcxp',92,14,4,'2011-08-28 17:57:05','2011-08-28 17:57:05'),(1564,'45rxyo',95,14,4,'2011-08-28 17:57:05','2011-08-28 17:57:05'),(1565,'cyu8wm',96,14,4,'2011-08-28 17:57:05','2011-08-28 17:57:05'),(1566,'4rh86f',97,14,4,'2011-08-28 17:57:05','2011-08-28 17:57:05'),(1567,'2mvf8s',98,14,4,'2011-08-28 17:57:05','2011-08-28 17:57:05'),(1568,'5vtdnh',99,14,4,'2011-08-28 17:57:05','2011-08-28 17:57:05'),(1569,'0sgg8w',102,14,4,'2011-08-28 17:57:05','2011-08-28 17:57:05'),(1570,'pgvzcv',103,14,4,'2011-08-28 17:57:05','2011-08-28 17:57:05'),(1571,'4tzwbw',104,14,4,'2011-08-28 17:57:05','2011-08-28 17:57:05'),(1572,'nb27uv',105,14,4,'2011-08-28 17:57:05','2011-08-28 17:57:05'),(1573,'wf0p57',106,14,4,'2011-08-28 17:57:05','2011-08-28 17:57:05'),(1574,'u203s2',107,14,4,'2011-08-28 17:57:05','2011-08-28 17:57:05'),(1575,'fp4dc0',108,14,4,'2011-08-28 17:57:05','2011-08-28 17:57:05'),(1576,'k4rpnu',109,14,4,'2011-08-28 17:57:05','2011-08-28 17:57:05'),(1577,'0e5534',110,14,4,'2011-08-28 17:57:05','2011-08-28 17:57:05'),(1578,'xj8j4x',111,14,4,'2011-08-28 17:57:05','2011-08-28 17:57:05'),(1579,'w4cmnb',112,14,4,'2011-08-28 17:57:05','2011-08-28 17:57:05'),(1580,'86za5e',121,14,4,'2011-08-28 17:57:05','2011-08-28 17:57:05'),(1581,'mmsue2',123,14,4,'2011-08-28 17:57:05','2011-08-28 17:57:05'),(1582,'w30r0u',124,14,4,'2011-08-28 17:57:05','2011-08-28 17:57:05'),(1583,'oy66g0',125,14,4,'2011-08-28 17:57:05','2011-08-28 17:57:05'),(1584,'su86tc',126,14,4,'2011-08-28 17:57:05','2011-08-28 17:57:05'),(1585,'0u8bo6',127,14,4,'2011-08-28 17:57:05','2011-08-28 17:57:05'),(1586,'xtfk5a',128,14,4,'2011-08-28 17:57:05','2011-08-28 17:57:05'),(1587,'6c44wt',129,14,4,'2011-08-28 17:57:05','2011-08-28 17:57:05'),(1588,'j4uvfe',68,15,4,'2011-08-28 17:57:05','2011-08-28 17:57:05'),(1589,'rzbtu3',69,15,4,'2011-08-28 17:57:05','2011-08-28 17:57:05'),(1590,'q0gr7b',70,15,4,'2011-08-28 17:57:05','2011-08-28 17:57:05'),(1591,'v5533o',71,15,4,'2011-08-28 17:57:05','2011-08-28 17:57:05'),(1592,'u78cd2',72,15,4,'2011-08-28 17:57:05','2011-08-28 17:57:05'),(1593,'3t2maw',73,15,4,'2011-08-28 17:57:05','2011-08-28 17:57:05'),(1594,'t3k3wr',74,15,4,'2011-08-28 17:57:05','2011-08-28 17:57:05'),(1595,'jj5b2n',75,15,4,'2011-08-28 17:57:05','2011-08-28 17:57:05'),(1596,'ofp3yx',78,15,4,'2011-08-28 17:57:05','2011-08-28 17:57:05'),(1597,'owuguq',80,15,4,'2011-08-28 17:57:05','2011-08-28 17:57:05'),(1598,'4jyh5j',82,15,4,'2011-08-28 17:57:05','2011-08-28 17:57:05'),(1599,'od2nye',83,15,4,'2011-08-28 17:57:05','2011-08-28 17:57:05'),(1600,'yd7ayj',84,15,4,'2011-08-28 17:57:05','2011-08-28 17:57:05'),(1601,'g7om7o',87,15,4,'2011-08-28 17:57:05','2011-08-28 17:57:05'),(1602,'qqdt7o',90,15,4,'2011-08-28 17:57:05','2011-08-28 17:57:05'),(1603,'nquugf',92,15,4,'2011-08-28 17:57:05','2011-08-28 17:57:05'),(1604,'s7xpck',95,15,4,'2011-08-28 17:57:05','2011-08-28 17:57:05'),(1605,'netmwa',96,15,4,'2011-08-28 17:57:05','2011-08-28 17:57:05'),(1606,'4245bn',97,15,4,'2011-08-28 17:57:05','2011-08-28 17:57:05'),(1607,'kqvcc8',98,15,4,'2011-08-28 17:57:05','2011-08-28 17:57:05'),(1608,'sv0mfu',99,15,4,'2011-08-28 17:57:05','2011-08-28 17:57:05'),(1609,'fnbo66',102,15,4,'2011-08-28 17:57:05','2011-08-28 17:57:05'),(1610,'5x2etb',103,15,4,'2011-08-28 17:57:05','2011-08-28 17:57:05'),(1611,'ya4z4f',104,15,4,'2011-08-28 17:57:05','2011-08-28 17:57:05'),(1612,'5bvokz',105,15,4,'2011-08-28 17:57:05','2011-08-28 17:57:05'),(1613,'2yx0as',106,15,4,'2011-08-28 17:57:05','2011-08-28 17:57:05'),(1614,'xy5xhw',107,15,4,'2011-08-28 17:57:05','2011-08-28 17:57:05'),(1615,'62pqwh',108,15,4,'2011-08-28 17:57:05','2011-08-28 17:57:05'),(1616,'qzy5cf',109,15,4,'2011-08-28 17:57:05','2011-08-28 17:57:05'),(1617,'e4zz2y',110,15,4,'2011-08-28 17:57:05','2011-08-28 17:57:05'),(1618,'epevp3',111,15,4,'2011-08-28 17:57:05','2011-08-28 17:57:05'),(1619,'7mxpdk',112,15,4,'2011-08-28 17:57:05','2011-08-28 17:57:05'),(1620,'z3v3go',121,15,4,'2011-08-28 17:57:05','2011-08-28 17:57:05'),(1621,'fbfc7u',123,15,4,'2011-08-28 17:57:05','2011-08-28 17:57:05'),(1622,'t42cjw',124,15,4,'2011-08-28 17:57:05','2011-08-28 17:57:05'),(1623,'ur747j',125,15,4,'2011-08-28 17:57:05','2011-08-28 17:57:05'),(1624,'tpzb3p',126,15,4,'2011-08-28 17:57:05','2011-08-28 17:57:05'),(1625,'cyzsbq',127,15,4,'2011-08-28 17:57:05','2011-08-28 17:57:05'),(1626,'8gszo7',128,15,4,'2011-08-28 17:57:05','2011-08-28 17:57:05'),(1627,'rq5wcx',129,15,4,'2011-08-28 17:57:05','2011-08-28 17:57:05'),(1628,'d6ewg2',68,16,4,'2011-08-28 17:57:05','2011-08-28 17:57:05'),(1629,'4hecqq',69,16,4,'2011-08-28 17:57:05','2011-08-28 17:57:05'),(1630,'3j763y',70,16,4,'2011-08-28 17:57:05','2011-08-28 17:57:05'),(1631,'quoww0',71,16,4,'2011-08-28 17:57:05','2011-08-28 17:57:05'),(1632,'ahb5o2',72,16,4,'2011-08-28 17:57:05','2011-08-28 17:57:05'),(1633,'geesct',73,16,4,'2011-08-28 17:57:05','2011-08-28 17:57:05'),(1634,'dqoq3f',74,16,4,'2011-08-28 17:57:05','2011-08-28 17:57:05'),(1635,'kjyd4d',75,16,4,'2011-08-28 17:57:05','2011-08-28 17:57:05'),(1636,'hovr74',78,16,4,'2011-08-28 17:57:05','2011-08-28 17:57:05'),(1637,'0nqszd',80,16,4,'2011-08-28 17:57:05','2011-08-28 17:57:05'),(1638,'8evudm',82,16,4,'2011-08-28 17:57:05','2011-08-28 17:57:05'),(1639,'mqewnv',83,16,4,'2011-08-28 17:57:05','2011-08-28 17:57:05'),(1640,'yse35e',84,16,4,'2011-08-28 17:57:05','2011-08-28 17:57:05'),(1641,'v88c5g',87,16,4,'2011-08-28 17:57:05','2011-08-28 17:57:05'),(1642,'uftowa',90,16,4,'2011-08-28 17:57:05','2011-08-28 17:57:05'),(1643,'psbnp0',92,16,4,'2011-08-28 17:57:05','2011-08-28 17:57:05'),(1644,'vay72s',95,16,4,'2011-08-28 17:57:05','2011-08-28 17:57:05'),(1645,'oq2c63',96,16,4,'2011-08-28 17:57:05','2011-08-28 17:57:05'),(1646,'6e7m8x',97,16,4,'2011-08-28 17:57:05','2011-08-28 17:57:05'),(1647,'p5uj87',98,16,4,'2011-08-28 17:57:05','2011-08-28 17:57:05'),(1648,'e0w8y6',99,16,4,'2011-08-28 17:57:05','2011-08-28 17:57:05'),(1649,'da8az0',102,16,4,'2011-08-28 17:57:05','2011-08-28 17:57:05'),(1650,'ctf70b',103,16,4,'2011-08-28 17:57:05','2011-08-28 17:57:05'),(1651,'dhykke',104,16,4,'2011-08-28 17:57:05','2011-08-28 17:57:05'),(1652,'c88nfy',105,16,4,'2011-08-28 17:57:05','2011-08-28 17:57:05'),(1653,'u33za7',106,16,4,'2011-08-28 17:57:05','2011-08-28 17:57:05'),(1654,'36jo00',107,16,4,'2011-08-28 17:57:05','2011-08-28 17:57:05'),(1655,'u7x03t',108,16,4,'2011-08-28 17:57:05','2011-08-28 17:57:05'),(1656,'f48cdu',109,16,4,'2011-08-28 17:57:05','2011-08-28 17:57:05'),(1657,'ake7h7',110,16,4,'2011-08-28 17:57:05','2011-08-28 17:57:05'),(1658,'q330t5',111,16,4,'2011-08-28 17:57:05','2011-08-28 17:57:05'),(1659,'4x4yt7',112,16,4,'2011-08-28 17:57:05','2011-08-28 17:57:05'),(1660,'rn0q85',121,16,4,'2011-08-28 17:57:05','2011-08-28 17:57:05'),(1661,'r2r0ud',123,16,4,'2011-08-28 17:57:05','2011-08-28 17:57:05'),(1662,'cf85ew',124,16,4,'2011-08-28 17:57:05','2011-08-28 17:57:05'),(1663,'fmks7a',125,16,4,'2011-08-28 17:57:05','2011-08-28 17:57:05'),(1664,'ekuy7j',126,16,4,'2011-08-28 17:57:05','2011-08-28 17:57:05'),(1665,'p08mwg',127,16,4,'2011-08-28 17:57:05','2011-08-28 17:57:05'),(1666,'rejuby',128,16,4,'2011-08-28 17:57:05','2011-08-28 17:57:05'),(1667,'uxyhfj',129,16,4,'2011-08-28 17:57:05','2011-08-28 17:57:05'),(1668,'7tgsyc',68,17,4,'2011-08-28 17:57:05','2011-08-28 17:57:05'),(1669,'f54xdn',69,17,4,'2011-08-28 17:57:05','2011-08-28 17:57:05'),(1670,'x88k8z',70,17,4,'2011-08-28 17:57:05','2011-08-28 17:57:05'),(1671,'avnx76',71,17,4,'2011-08-28 17:57:05','2011-08-28 17:57:05'),(1672,'phzsjt',72,17,4,'2011-08-28 17:57:05','2011-08-28 17:57:05'),(1673,'mhuet2',73,17,4,'2011-08-28 17:57:05','2011-08-28 17:57:05'),(1674,'konga2',74,17,4,'2011-08-28 17:57:05','2011-08-28 17:57:05'),(1675,'aosgeb',75,17,4,'2011-08-28 17:57:05','2011-08-28 17:57:05'),(1676,'qxfgbh',78,17,4,'2011-08-28 17:57:05','2011-08-28 17:57:05'),(1677,'cgyws6',80,17,4,'2011-08-28 17:57:05','2011-08-28 17:57:05'),(1678,'a3vmzg',82,17,4,'2011-08-28 17:57:05','2011-08-28 17:57:05'),(1679,'mnekuc',83,17,4,'2011-08-28 17:57:05','2011-08-28 17:57:05'),(1680,'06m85f',84,17,4,'2011-08-28 17:57:05','2011-08-28 17:57:05'),(1681,'snms7u',87,17,4,'2011-08-28 17:57:05','2011-08-28 17:57:05'),(1682,'u3mdgw',90,17,4,'2011-08-28 17:57:05','2011-08-28 17:57:05'),(1683,'z5ofxd',92,17,4,'2011-08-28 17:57:05','2011-08-28 17:57:05'),(1684,'7avjdj',95,17,4,'2011-08-28 17:57:05','2011-08-28 17:57:05'),(1685,'pz6vt7',96,17,4,'2011-08-28 17:57:05','2011-08-28 17:57:05'),(1686,'j728gz',97,17,4,'2011-08-28 17:57:05','2011-08-28 17:57:05'),(1687,'czq0we',98,17,4,'2011-08-28 17:57:05','2011-08-28 17:57:05'),(1688,'ackca8',99,17,4,'2011-08-28 17:57:05','2011-08-28 17:57:05'),(1689,'3s32ku',102,17,4,'2011-08-28 17:57:05','2011-08-28 17:57:05'),(1690,'cettnf',103,17,4,'2011-08-28 17:57:05','2011-08-28 17:57:05'),(1691,'oeogn2',104,17,4,'2011-08-28 17:57:05','2011-08-28 17:57:05'),(1692,'kt4pne',105,17,4,'2011-08-28 17:57:05','2011-08-28 17:57:05'),(1693,'cs4dhg',106,17,4,'2011-08-28 17:57:05','2011-08-28 17:57:05'),(1694,'3x8z7q',107,17,4,'2011-08-28 17:57:05','2011-08-28 17:57:05'),(1695,'ow57bh',108,17,4,'2011-08-28 17:57:05','2011-08-28 17:57:05'),(1696,'nn2nx3',109,17,4,'2011-08-28 17:57:06','2011-08-28 17:57:06'),(1697,'4jfems',110,17,4,'2011-08-28 17:57:06','2011-08-28 17:57:06'),(1698,'8qo6s4',111,17,4,'2011-08-28 17:57:06','2011-08-28 17:57:06'),(1699,'oupf2v',112,17,4,'2011-08-28 17:57:06','2011-08-28 17:57:06'),(1700,'q6x2oj',121,17,4,'2011-08-28 17:57:06','2011-08-28 17:57:06'),(1701,'vpzzzg',123,17,4,'2011-08-28 17:57:06','2011-08-28 17:57:06'),(1702,'h5n2zu',124,17,4,'2011-08-28 17:57:06','2011-08-28 17:57:06'),(1703,'67mmyq',125,17,4,'2011-08-28 17:57:06','2011-08-28 17:57:06'),(1704,'qw3bhv',126,17,4,'2011-08-28 17:57:06','2011-08-28 17:57:06'),(1705,'pve6q7',127,17,4,'2011-08-28 17:57:06','2011-08-28 17:57:06'),(1706,'z6ww62',128,17,4,'2011-08-28 17:57:06','2011-08-28 17:57:06'),(1707,'3rm30s',129,17,4,'2011-08-28 17:57:06','2011-08-28 17:57:06'),(1708,'tvw8hg',134,18,5,'2011-08-28 17:57:06','2011-08-28 17:57:06'),(1709,'vjx07h',134,19,5,'2011-08-28 17:57:06','2011-08-28 17:57:06'),(1710,'yy8yxm',134,20,5,'2011-08-28 17:57:06','2011-08-28 17:57:06'),(1719,'r6qreh',46,1,1,'2011-09-12 20:31:16','2011-09-12 20:31:16'),(1720,'ttj2s5',46,2,1,'2011-09-12 20:31:16','2011-09-12 20:31:16'),(1721,'o5p7zm',46,3,1,'2011-09-12 20:31:16','2011-09-12 20:31:16'),(1722,'edz86d',46,4,1,'2011-09-12 20:31:16','2011-09-12 20:31:16'),(1723,'b5y4rb',46,5,2,'2011-09-12 20:31:16','2011-09-12 20:31:16'),(1724,'vxzdsr',46,6,2,'2011-09-12 20:31:16','2011-09-12 20:31:16'),(1725,'j58p7j',46,7,2,'2011-09-12 20:31:16','2011-09-12 20:31:16'),(1726,'nw3as2',46,8,2,'2011-09-12 20:31:16','2011-09-12 20:31:16'),(1727,'44gqys',85,5,2,'2011-09-12 20:31:48','2011-09-12 20:31:48'),(1728,'vwgaq7',85,6,2,'2011-09-12 20:31:48','2011-09-12 20:31:48'),(1729,'764b2d',85,7,2,'2011-09-12 20:31:48','2011-09-12 20:31:48'),(1730,'sxzsbf',85,8,2,'2011-09-12 20:31:48','2011-09-12 20:31:48'),(1731,'zz8o5v',85,9,3,'2011-09-12 20:31:48','2011-09-12 20:31:48'),(1732,'0bf4oq',85,10,3,'2011-09-12 20:31:48','2011-09-12 20:31:48'),(1733,'hk3k2q',85,11,3,'2011-09-12 20:31:48','2011-09-12 20:31:48'),(1734,'a4rv2m',85,12,3,'2011-09-12 20:31:48','2011-09-12 20:31:48'),(1735,'v37atc',85,13,3,'2011-09-12 20:31:48','2011-09-12 20:31:48'),(1736,'h2g0j2',117,1,1,'2011-09-12 20:32:02','2011-09-12 20:32:02'),(1737,'ujf8bk',117,2,1,'2011-09-12 20:32:02','2011-09-12 20:32:02'),(1738,'ozh5vt',117,3,1,'2011-09-12 20:32:02','2011-09-12 20:32:02'),(1739,'jtbths',117,4,1,'2011-09-12 20:32:03','2011-09-12 20:32:03'),(1740,'bzp3ha',133,1,1,'2011-09-12 20:32:13','2011-09-12 20:32:13'),(1741,'cv4uxp',133,2,1,'2011-09-12 20:32:13','2011-09-12 20:32:13'),(1742,'yxveke',133,3,1,'2011-09-12 20:32:13','2011-09-12 20:32:13'),(1743,'tmqtx3',133,4,1,'2011-09-12 20:32:13','2011-09-12 20:32:13'),(1744,'r4gnyw',133,5,2,'2011-09-12 20:32:14','2011-09-12 20:32:14'),(1745,'3bfbwn',133,6,2,'2011-09-12 20:32:14','2011-09-12 20:32:14'),(1746,'d8rqmk',133,7,2,'2011-09-12 20:32:14','2011-09-12 20:32:14'),(1747,'hhj4dw',133,8,2,'2011-09-12 20:32:14','2011-09-12 20:32:14'),(1748,'aztg4o',135,21,6,'2011-09-20 22:04:54','2011-09-20 22:04:54'),(1749,'rt2uqh',135,22,6,'2011-09-20 22:04:54','2011-09-20 22:04:54'),(1750,'0kyc0f',135,23,6,'2011-09-20 22:04:54','2011-09-20 22:04:54'),(1751,'w8o2vh',135,24,6,'2011-09-20 22:04:54','2011-09-20 22:04:54'),(1752,'anfj8t',135,25,6,'2011-09-20 22:04:55','2011-09-20 22:04:55'),(1753,'rbsvc7',136,21,6,'2011-09-20 22:04:55','2011-09-20 22:04:55'),(1754,'sns56y',136,22,6,'2011-09-20 22:04:55','2011-09-20 22:04:55'),(1755,'5e3y8c',136,23,6,'2011-09-20 22:04:55','2011-09-20 22:04:55'),(1756,'peu358',136,24,6,'2011-09-20 22:04:55','2011-09-20 22:04:55'),(1757,'rbvscg',136,25,6,'2011-09-20 22:04:55','2011-09-20 22:04:55'),(1758,'bhcxgm',137,21,6,'2011-09-20 22:04:55','2011-09-20 22:04:55'),(1759,'4e53wn',137,22,6,'2011-09-20 22:04:55','2011-09-20 22:04:55'),(1760,'ww3xq5',137,23,6,'2011-09-20 22:04:55','2011-09-20 22:04:55'),(1761,'vfncu2',137,24,6,'2011-09-20 22:04:55','2011-09-20 22:04:55'),(1762,'f8xb8w',137,25,6,'2011-09-20 22:04:55','2011-09-20 22:04:55'),(1763,'vfa44n',138,21,6,'2011-09-20 22:04:55','2011-09-20 22:04:55'),(1764,'f3oyyc',138,22,6,'2011-09-20 22:04:55','2011-09-20 22:04:55'),(1765,'aechbd',138,23,6,'2011-09-20 22:04:55','2011-09-20 22:04:55'),(1766,'k3rtvn',138,24,6,'2011-09-20 22:04:55','2011-09-20 22:04:55'),(1767,'eqcubs',138,25,6,'2011-09-20 22:04:55','2011-09-20 22:04:55'),(1768,'2o4krc',139,21,6,'2011-09-20 22:04:55','2011-09-20 22:04:55'),(1769,'y73xes',139,22,6,'2011-09-20 22:04:55','2011-09-20 22:04:55'),(1770,'7hapxv',139,23,6,'2011-09-20 22:04:55','2011-09-20 22:04:55'),(1771,'em5qgj',139,24,6,'2011-09-20 22:04:55','2011-09-20 22:04:55'),(1772,'0tphjo',139,25,6,'2011-09-20 22:04:55','2011-09-20 22:04:55'),(1773,'g6vguj',140,21,6,'2011-09-20 22:04:55','2011-09-20 22:04:55'),(1774,'eugh8g',140,22,6,'2011-09-20 22:04:55','2011-09-20 22:04:55'),(1775,'pczvfr',140,23,6,'2011-09-20 22:04:55','2011-09-20 22:04:55'),(1776,'yepk3c',140,24,6,'2011-09-20 22:04:55','2011-09-20 22:04:55'),(1777,'2akv7n',140,25,6,'2011-09-20 22:04:56','2011-09-20 22:04:56'),(1778,'ok3x36',141,21,6,'2011-09-20 22:04:56','2011-09-20 22:04:56'),(1779,'873msp',141,22,6,'2011-09-20 22:04:56','2011-09-20 22:04:56'),(1780,'dgtzry',141,23,6,'2011-09-20 22:04:56','2011-09-20 22:04:56'),(1781,'yey86p',141,24,6,'2011-09-20 22:04:56','2011-09-20 22:04:56'),(1782,'msxbag',141,25,6,'2011-09-20 22:04:56','2011-09-20 22:04:56'),(1783,'ebvbds',142,21,6,'2011-09-20 22:04:56','2011-09-20 22:04:56'),(1784,'t2v858',142,22,6,'2011-09-20 22:04:56','2011-09-20 22:04:56'),(1785,'b5zbbk',142,23,6,'2011-09-20 22:04:56','2011-09-20 22:04:56'),(1786,'cbzrhw',142,24,6,'2011-09-20 22:04:56','2011-09-20 22:04:56'),(1787,'6t4n0v',142,25,6,'2011-09-20 22:04:56','2011-09-20 22:04:56'),(1788,'qu48g0',143,21,6,'2011-09-20 22:04:56','2011-09-20 22:04:56'),(1789,'fewb77',143,22,6,'2011-09-20 22:04:56','2011-09-20 22:04:56'),(1790,'bskegx',143,23,6,'2011-09-20 22:04:56','2011-09-20 22:04:56'),(1791,'j7o88m',143,24,6,'2011-09-20 22:04:56','2011-09-20 22:04:56'),(1792,'wbr4pu',143,25,6,'2011-09-20 22:04:56','2011-09-20 22:04:56'),(1793,'mzjzhw',144,21,6,'2011-09-20 22:04:56','2011-09-20 22:04:56'),(1794,'t647o7',144,22,6,'2011-09-20 22:04:56','2011-09-20 22:04:56'),(1795,'hqvxx5',144,23,6,'2011-09-20 22:04:56','2011-09-20 22:04:56'),(1796,'d86h6c',144,24,6,'2011-09-20 22:04:56','2011-09-20 22:04:56'),(1797,'vz7e3o',144,25,6,'2011-09-20 22:04:56','2011-09-20 22:04:56'),(1798,'wbr0tc',145,21,6,'2011-09-20 22:04:56','2011-09-20 22:04:56'),(1799,'d4342z',145,22,6,'2011-09-20 22:04:56','2011-09-20 22:04:56'),(1800,'g2putd',145,23,6,'2011-09-20 22:04:56','2011-09-20 22:04:56'),(1801,'yq8ypw',145,24,6,'2011-09-20 22:04:56','2011-09-20 22:04:56'),(1802,'x6fqnr',145,25,6,'2011-09-20 22:04:56','2011-09-20 22:04:56'),(1803,'7md75g',146,21,6,'2011-09-20 22:04:56','2011-09-20 22:04:56'),(1804,'toz7ac',146,22,6,'2011-09-20 22:04:56','2011-09-20 22:04:56'),(1805,'5bwfmb',146,23,6,'2011-09-20 22:04:57','2011-09-20 22:04:57'),(1806,'tnaarc',146,24,6,'2011-09-20 22:04:57','2011-09-20 22:04:57'),(1807,'pu6puj',146,25,6,'2011-09-20 22:04:57','2011-09-20 22:04:57'),(1808,'6280jx',147,21,6,'2011-09-20 22:04:57','2011-09-20 22:04:57'),(1809,'t02aoh',147,22,6,'2011-09-20 22:04:57','2011-09-20 22:04:57'),(1810,'put6m2',147,23,6,'2011-09-20 22:04:57','2011-09-20 22:04:57'),(1811,'ayb5y0',147,24,6,'2011-09-20 22:04:57','2011-09-20 22:04:57'),(1812,'vjmayy',147,25,6,'2011-09-20 22:04:57','2011-09-20 22:04:57'),(1813,'nf38s2',148,21,6,'2011-09-20 22:04:57','2011-09-20 22:04:57'),(1814,'aeqjgw',148,22,6,'2011-09-20 22:04:57','2011-09-20 22:04:57'),(1815,'gfpwsd',148,23,6,'2011-09-20 22:04:57','2011-09-20 22:04:57'),(1816,'y74vr5',148,24,6,'2011-09-20 22:04:57','2011-09-20 22:04:57'),(1817,'sfyswf',148,25,6,'2011-09-20 22:04:57','2011-09-20 22:04:57'),(1818,'26bxfj',149,21,6,'2011-09-20 22:04:57','2011-09-20 22:04:57'),(1819,'vvy4nk',149,22,6,'2011-09-20 22:04:57','2011-09-20 22:04:57'),(1820,'25ws65',149,23,6,'2011-09-20 22:04:57','2011-09-20 22:04:57'),(1821,'rrqsxq',149,24,6,'2011-09-20 22:04:57','2011-09-20 22:04:57'),(1822,'knmsef',149,25,6,'2011-09-20 22:04:57','2011-09-20 22:04:57'),(1823,'7y44xt',150,21,6,'2011-09-20 22:04:57','2011-09-20 22:04:57'),(1824,'frn744',150,22,6,'2011-09-20 22:04:57','2011-09-20 22:04:57'),(1825,'thcek2',150,23,6,'2011-09-20 22:04:57','2011-09-20 22:04:57'),(1826,'bwf0mj',150,24,6,'2011-09-20 22:04:57','2011-09-20 22:04:57'),(1827,'oco3fu',150,25,6,'2011-09-20 22:04:57','2011-09-20 22:04:57'),(1828,'smxubf',151,21,6,'2011-09-20 22:04:57','2011-09-20 22:04:57'),(1829,'7unpkb',151,22,6,'2011-09-20 22:04:58','2011-09-20 22:04:58'),(1830,'0np5sh',151,23,6,'2011-09-20 22:04:58','2011-09-20 22:04:58'),(1831,'zbg82j',151,24,6,'2011-09-20 22:04:58','2011-09-20 22:04:58'),(1832,'0mbjbm',151,25,6,'2011-09-20 22:04:58','2011-09-20 22:04:58'),(1833,'wwv6ud',152,21,6,'2011-09-20 22:04:58','2011-09-20 22:04:58'),(1834,'03ddqb',152,22,6,'2011-09-20 22:04:58','2011-09-20 22:04:58'),(1835,'esft6p',152,23,6,'2011-09-20 22:04:58','2011-09-20 22:04:58'),(1836,'0xzkym',152,24,6,'2011-09-20 22:04:58','2011-09-20 22:04:58'),(1837,'mmmtkj',152,25,6,'2011-09-20 22:04:58','2011-09-20 22:04:58'),(1838,'b85mqg',153,21,6,'2011-09-20 22:04:58','2011-09-20 22:04:58'),(1839,'8y04su',153,22,6,'2011-09-20 22:04:58','2011-09-20 22:04:58'),(1840,'2chk42',153,23,6,'2011-09-20 22:04:58','2011-09-20 22:04:58'),(1841,'cpr6vs',153,24,6,'2011-09-20 22:04:58','2011-09-20 22:04:58'),(1842,'znmevx',153,25,6,'2011-09-20 22:04:58','2011-09-20 22:04:58'),(1843,'s85w8y',154,21,6,'2011-09-20 22:04:58','2011-09-20 22:04:58'),(1844,'3fwuv3',154,22,6,'2011-09-20 22:04:58','2011-09-20 22:04:58'),(1845,'kkhudz',154,23,6,'2011-09-20 22:04:58','2011-09-20 22:04:58'),(1846,'umoozn',154,24,6,'2011-09-20 22:04:58','2011-09-20 22:04:58'),(1847,'dp3b0o',154,25,6,'2011-09-20 22:04:58','2011-09-20 22:04:58'),(1848,'peqand',155,21,6,'2011-09-20 22:04:58','2011-09-20 22:04:58'),(1849,'cky5jn',155,22,6,'2011-09-20 22:04:58','2011-09-20 22:04:58'),(1850,'ge86n4',155,23,6,'2011-09-20 22:04:58','2011-09-20 22:04:58'),(1851,'yyhy4g',155,24,6,'2011-09-20 22:04:58','2011-09-20 22:04:58'),(1852,'jtbahg',155,25,6,'2011-09-20 22:04:58','2011-09-20 22:04:58'),(1853,'wnubjz',156,21,6,'2011-09-20 22:04:58','2011-09-20 22:04:58'),(1854,'237xxq',156,22,6,'2011-09-20 22:04:58','2011-09-20 22:04:58'),(1855,'cno08c',156,23,6,'2011-09-20 22:04:58','2011-09-20 22:04:58'),(1856,'bjsfmj',156,24,6,'2011-09-20 22:04:58','2011-09-20 22:04:58'),(1857,'cpcaup',156,25,6,'2011-09-20 22:04:58','2011-09-20 22:04:58'),(1858,'8tvo3r',157,21,6,'2011-09-20 22:04:59','2011-09-20 22:04:59'),(1859,'bxdfye',157,22,6,'2011-09-20 22:04:59','2011-09-20 22:04:59'),(1860,'0t48s7',157,23,6,'2011-09-20 22:04:59','2011-09-20 22:04:59'),(1861,'p7t2b4',157,24,6,'2011-09-20 22:04:59','2011-09-20 22:04:59'),(1862,'s6eco6',157,25,6,'2011-09-20 22:04:59','2011-09-20 22:04:59'),(1863,'kkhyd7',158,21,6,'2011-09-20 22:04:59','2011-09-20 22:04:59'),(1864,'xhww2w',158,22,6,'2011-09-20 22:04:59','2011-09-20 22:04:59'),(1865,'7j4sra',158,23,6,'2011-09-20 22:04:59','2011-09-20 22:04:59'),(1866,'qje3zx',158,24,6,'2011-09-20 22:04:59','2011-09-20 22:04:59'),(1867,'jws87b',158,25,6,'2011-09-20 22:04:59','2011-09-20 22:04:59'),(1868,'nc76gk',159,21,6,'2011-09-20 22:04:59','2011-09-20 22:04:59'),(1869,'q2ha42',159,22,6,'2011-09-20 22:04:59','2011-09-20 22:04:59'),(1870,'3np7m6',159,23,6,'2011-09-20 22:04:59','2011-09-20 22:04:59'),(1871,'v4ej3q',159,24,6,'2011-09-20 22:04:59','2011-09-20 22:04:59'),(1872,'oz8w8y',159,25,6,'2011-09-20 22:04:59','2011-09-20 22:04:59'),(1873,'qrghyd',160,21,6,'2011-09-20 22:04:59','2011-09-20 22:04:59'),(1874,'e7mapj',160,22,6,'2011-09-20 22:04:59','2011-09-20 22:04:59'),(1875,'4yzqu4',160,23,6,'2011-09-20 22:04:59','2011-09-20 22:04:59'),(1876,'jwfede',160,24,6,'2011-09-20 22:04:59','2011-09-20 22:04:59'),(1877,'g3ecrw',160,25,6,'2011-09-20 22:04:59','2011-09-20 22:04:59'),(1878,'j7kcn5',161,21,6,'2011-09-20 22:04:59','2011-09-20 22:04:59'),(1879,'j5n0b6',161,22,6,'2011-09-20 22:04:59','2011-09-20 22:04:59'),(1880,'dgsjyg',161,23,6,'2011-09-20 22:04:59','2011-09-20 22:04:59'),(1881,'bot4sy',161,24,6,'2011-09-20 22:04:59','2011-09-20 22:04:59'),(1882,'cxs80y',161,25,6,'2011-09-20 22:04:59','2011-09-20 22:04:59'),(1883,'jqtr7m',162,21,6,'2011-09-20 22:05:00','2011-09-20 22:05:00'),(1884,'cvavac',162,22,6,'2011-09-20 22:05:00','2011-09-20 22:05:00'),(1885,'kfx70c',162,23,6,'2011-09-20 22:05:00','2011-09-20 22:05:00'),(1886,'khy6t7',162,24,6,'2011-09-20 22:05:00','2011-09-20 22:05:00'),(1887,'xg4bh8',162,25,6,'2011-09-20 22:05:00','2011-09-20 22:05:00'),(1888,'w655wn',163,21,6,'2011-09-20 22:05:00','2011-09-20 22:05:00'),(1889,'qg4w5g',163,22,6,'2011-09-20 22:05:00','2011-09-20 22:05:00'),(1890,'hyaco7',163,23,6,'2011-09-20 22:05:00','2011-09-20 22:05:00'),(1891,'ab0cda',163,24,6,'2011-09-20 22:05:00','2011-09-20 22:05:00'),(1892,'zpagjj',163,25,6,'2011-09-20 22:05:00','2011-09-20 22:05:00');
/*!40000 ALTER TABLE `passwords` ENABLE KEYS */;
UNLOCK TABLES;

--
-- Table structure for table `practices`
--

DROP TABLE IF EXISTS `practices`;
/*!40101 SET @saved_cs_client     = @@character_set_client */;
/*!40101 SET character_set_client = utf8 */;
CREATE TABLE `practices` (
  `id` int(11) NOT NULL AUTO_INCREMENT,
  `consolidated` varchar(255) COLLATE utf8_unicode_ci DEFAULT NULL,
  `to_be_improved` varchar(255) COLLATE utf8_unicode_ci DEFAULT NULL,
  `dimension_id` int(11) DEFAULT NULL,
  `school_id` int(11) DEFAULT NULL,
  `segment_id` int(11) DEFAULT NULL,
  `created_at` datetime DEFAULT NULL,
  `updated_at` datetime DEFAULT NULL,
  PRIMARY KEY (`id`)
) ENGINE=InnoDB DEFAULT CHARSET=utf8 COLLATE=utf8_unicode_ci;
/*!40101 SET character_set_client = @saved_cs_client */;

--
-- Dumping data for table `practices`
--

LOCK TABLES `practices` WRITE;
/*!40000 ALTER TABLE `practices` DISABLE KEYS */;
/*!40000 ALTER TABLE `practices` ENABLE KEYS */;
UNLOCK TABLES;

--
-- Table structure for table `presences`
--

DROP TABLE IF EXISTS `presences`;
/*!40101 SET @saved_cs_client     = @@character_set_client */;
/*!40101 SET character_set_client = utf8 */;
CREATE TABLE `presences` (
  `id` int(11) NOT NULL AUTO_INCREMENT,
  `name` varchar(255) COLLATE utf8_unicode_ci DEFAULT NULL,
  `school_id` int(11) DEFAULT NULL,
  `segment_id` int(11) DEFAULT NULL,
  `created_at` datetime DEFAULT NULL,
  `updated_at` datetime DEFAULT NULL,
  PRIMARY KEY (`id`)
) ENGINE=InnoDB DEFAULT CHARSET=utf8 COLLATE=utf8_unicode_ci;
/*!40101 SET character_set_client = @saved_cs_client */;

--
-- Dumping data for table `presences`
--

LOCK TABLES `presences` WRITE;
/*!40000 ALTER TABLE `presences` DISABLE KEYS */;
/*!40000 ALTER TABLE `presences` ENABLE KEYS */;
UNLOCK TABLES;

--
-- Table structure for table `question_texts`
--

DROP TABLE IF EXISTS `question_texts`;
/*!40101 SET @saved_cs_client     = @@character_set_client */;
/*!40101 SET character_set_client = utf8 */;
CREATE TABLE `question_texts` (
  `id` int(11) NOT NULL AUTO_INCREMENT,
  `text` varchar(255) COLLATE utf8_unicode_ci DEFAULT NULL,
  `question_id` int(11) DEFAULT NULL,
  `segment_id` int(11) DEFAULT NULL,
  `created_at` datetime DEFAULT NULL,
  `updated_at` datetime DEFAULT NULL,
  PRIMARY KEY (`id`)
) ENGINE=InnoDB DEFAULT CHARSET=utf8 COLLATE=utf8_unicode_ci;
/*!40101 SET character_set_client = @saved_cs_client */;

--
-- Dumping data for table `question_texts`
--

LOCK TABLES `question_texts` WRITE;
/*!40000 ALTER TABLE `question_texts` DISABLE KEYS */;
/*!40000 ALTER TABLE `question_texts` ENABLE KEYS */;
UNLOCK TABLES;

--
-- Table structure for table `questions`
--

DROP TABLE IF EXISTS `questions`;
/*!40101 SET @saved_cs_client     = @@character_set_client */;
/*!40101 SET character_set_client = utf8 */;
CREATE TABLE `questions` (
  `id` int(11) NOT NULL AUTO_INCREMENT,
  `number` int(11) DEFAULT NULL,
  `service_level_id` int(11) DEFAULT NULL,
  `indicator_id` int(11) DEFAULT NULL,
  `created_at` datetime DEFAULT NULL,
  `updated_at` datetime DEFAULT NULL,
  PRIMARY KEY (`id`)
) ENGINE=InnoDB DEFAULT CHARSET=utf8 COLLATE=utf8_unicode_ci;
/*!40101 SET character_set_client = @saved_cs_client */;

--
-- Dumping data for table `questions`
--

LOCK TABLES `questions` WRITE;
/*!40000 ALTER TABLE `questions` DISABLE KEYS */;
/*!40000 ALTER TABLE `questions` ENABLE KEYS */;
UNLOCK TABLES;

--
-- Table structure for table `schema_migrations`
--

DROP TABLE IF EXISTS `schema_migrations`;
/*!40101 SET @saved_cs_client     = @@character_set_client */;
/*!40101 SET character_set_client = utf8 */;
CREATE TABLE `schema_migrations` (
  `version` varchar(255) COLLATE utf8_unicode_ci NOT NULL,
  UNIQUE KEY `unique_schema_migrations` (`version`)
) ENGINE=InnoDB DEFAULT CHARSET=utf8 COLLATE=utf8_unicode_ci;
/*!40101 SET character_set_client = @saved_cs_client */;

--
-- Dumping data for table `schema_migrations`
--

LOCK TABLES `schema_migrations` WRITE;
/*!40000 ALTER TABLE `schema_migrations` DISABLE KEYS */;
INSERT INTO `schema_migrations` VALUES ('20110816224847'),('20110816224925'),('20110816224944'),('20110816225153'),('20110816225205'),('20110817000042'),('20110817000115'),('20110817040226'),('20110817090929'),('20110817091112'),('20110817112225'),('20110817134333'),('20110825234001'),('20110825234002'),('20110826024001'),('20110827153513');
/*!40000 ALTER TABLE `schema_migrations` ENABLE KEYS */;
UNLOCK TABLES;

--
-- Table structure for table `schools`
--

DROP TABLE IF EXISTS `schools`;
/*!40101 SET @saved_cs_client     = @@character_set_client */;
/*!40101 SET character_set_client = utf8 */;
CREATE TABLE `schools` (
  `id` int(11) NOT NULL AUTO_INCREMENT,
  `name` varchar(255) COLLATE utf8_unicode_ci DEFAULT NULL,
  `service_level_id` int(11) DEFAULT NULL,
  `created_at` datetime DEFAULT NULL,
  `updated_at` datetime DEFAULT NULL,
  PRIMARY KEY (`id`)
) ENGINE=InnoDB AUTO_INCREMENT=164 DEFAULT CHARSET=utf8 COLLATE=utf8_unicode_ci;
/*!40101 SET character_set_client = @saved_cs_client */;

--
-- Dumping data for table `schools`
--

LOCK TABLES `schools` WRITE;
/*!40000 ALTER TABLE `schools` DISABLE KEYS */;
INSERT INTO `schools` VALUES (1,'CRECHE ALHA ELIAS ABIBE',NULL,'2011-08-28 17:26:24','2011-08-28 17:26:24'),(2,'CRECHE ALZIRA SILVA MEDEIROS',NULL,'2011-08-28 17:26:24','2011-08-28 17:26:24'),(3,'CRECHE AMÉLIA TOZZETO VIVIANE',NULL,'2011-08-28 17:26:24','2011-08-31 14:00:36'),(4,'CRECHE BENEDITA DE OLIVEIRA',NULL,'2011-08-28 17:26:24','2011-08-28 17:26:24'),(5,'CRECHE DAISY RIBEIRO NEVES',NULL,'2011-08-28 17:26:24','2011-08-28 17:26:24'),(6,'CRECHE ELZA BATISTON',NULL,'2011-08-28 17:26:24','2011-08-28 17:26:24'),(7,'CRECHE ÉZIO MELLI',NULL,'2011-08-28 17:26:24','2011-08-31 15:01:33'),(8,'CRECHE GIUSEPPA BERSANI MICHELIN',NULL,'2011-08-28 17:26:24','2011-08-28 17:26:24'),(9,'CRECHE HERMÍNIA LOPES',NULL,'2011-08-28 17:26:24','2011-08-31 13:58:37'),(10,'CRECHE HILDA ALVES DOS SANTOS MARIM',NULL,'2011-08-28 17:26:24','2011-08-28 17:26:24'),(11,'CRECHE IDA BELMONTE BISCUOLA',NULL,'2011-08-28 17:26:24','2011-08-28 17:26:24'),(12,'CRECHE INÊS SANCHES MENDES',NULL,'2011-08-28 17:26:24','2011-08-31 14:01:13'),(13,'CRECHE JOÃO CORRÊA',NULL,'2011-08-28 17:26:24','2011-08-31 14:00:10'),(14,'CRECHE JOAQUINA FRANÇA GARCIA, PROFª',NULL,'2011-08-28 17:26:24','2011-08-31 15:22:25'),(15,'CRECHE JOSÉ ESPINOSA',NULL,'2011-08-28 17:26:24','2011-08-31 13:57:38'),(16,'CRECHE JOSÉ CARLOS DI MAMBRO, PE.',NULL,'2011-08-28 17:26:24','2011-08-31 13:59:27'),(17,'CRECHE LIDIA THOMAZ',NULL,'2011-08-28 17:26:24','2011-08-28 17:26:24'),(18,'CRECHE MARIA BENEDITA CONSTÂNCIO, IRMÃ',NULL,'2011-08-28 17:26:24','2011-08-31 13:55:44'),(19,'CRECHE MARIA JOSÉ DA ANUNCIAÇÃO',NULL,'2011-08-28 17:26:24','2011-08-31 13:48:21'),(20,'CRECHE MERCEDES CORRÊA RUIZ BATISTA',NULL,'2011-08-28 17:26:24','2011-08-31 13:55:14'),(21,'CRECHE OLGA CAMOLESI PAVÃO',NULL,'2011-08-28 17:26:24','2011-08-31 13:50:02'),(22,'CRECHE OLÍMPIA MARIA DE JESUS CARVALHO',NULL,'2011-08-28 17:26:24','2011-08-31 13:58:13'),(23,'CRECHE PEDRO PENOV',NULL,'2011-08-28 17:26:24','2011-08-28 17:26:24'),(24,'CRECHE RECANTO ALEGRE ',NULL,'2011-08-28 17:26:24','2011-08-28 17:26:24'),(25,'CRECHE ROSA BROSEGHINI',NULL,'2011-08-28 17:26:24','2011-08-28 17:26:24'),(26,'CRECHE ROSA PEREIRA CRÊ',NULL,'2011-08-28 17:26:24','2011-08-31 13:54:05'),(27,'CRECHE SADAMITU OMOSAKO',NULL,'2011-08-28 17:26:24','2011-08-28 17:26:24'),(28,'CRECHE SERAPHINA BISSOLATTI',NULL,'2011-08-28 17:26:24','2011-08-28 17:26:24'),(29,'CRECHE SÉRGIO ZANARDI',NULL,'2011-08-28 17:26:24','2011-08-31 14:23:18'),(30,'CRECHE SILVIA FERREIRA FARAH, PROFª',NULL,'2011-08-28 17:26:24','2011-08-31 15:22:00'),(31,'CRECHE VILMA CATAN',NULL,'2011-08-28 17:26:24','2011-08-28 17:26:24'),(32,'EMEI ADELAIDE DIAS',NULL,'2011-08-28 17:26:24','2011-08-28 17:26:24'),(33,'EMEI ADHEMAR PEREIRA DE BARROS, DR.',NULL,'2011-08-28 17:26:24','2011-08-28 17:26:24'),(34,'EMEI ALICE MANHOLER PITERI',NULL,'2011-08-28 17:26:24','2011-08-28 17:26:24'),(35,'EMEI ALIPIO PEREIRA DOS SANTOS, PROF.',NULL,'2011-08-28 17:26:24','2011-08-28 17:26:24'),(36,'EMEI ANTÔNIO PAULINO RIBEIRO, PROFº',NULL,'2011-08-28 17:26:24','2011-08-31 15:13:57'),(37,'EMEI CRISTINE APARECIDA DE OLIVEIRA BRAGA',NULL,'2011-08-28 17:26:24','2011-08-28 17:26:24'),(38,'EMEI DALVA MIRIAN PORTELLA MACHADO, PROFª.',NULL,'2011-08-28 17:26:24','2011-08-28 17:26:24'),(39,'EMEI DÉSCIO MENDES PEREIRA, DR.',NULL,'2011-08-28 17:26:24','2011-08-28 17:26:24'),(40,'EMEI ELIDE ALVES DÓRIA, PROFª',NULL,'2011-08-28 17:26:24','2011-08-28 17:26:24'),(41,'EMEI EMIR MACEDO NOGUEIRA. PROFº',NULL,'2011-08-28 17:26:24','2011-08-31 15:23:02'),(42,'EMEI ESMERALDA FERREIRA SIMÃO NOBREGA, PROFª.',NULL,'2011-08-28 17:26:24','2011-08-28 17:26:24'),(43,'EMEI ESTEVÃO BRETT',NULL,'2011-08-28 17:26:24','2011-08-28 17:26:24'),(44,'EMEI FERNANDO BUONADUCE, PROF°',NULL,'2011-08-28 17:26:24','2011-08-31 15:31:11'),(45,'EMEI FORTUNATA PEREIRA DE JESUS SANTOS',NULL,'2011-08-28 17:26:24','2011-08-28 17:26:24'),(46,'CEMEI GERTRUDES DE ROSSI',NULL,'2011-08-28 17:26:24','2011-08-28 17:26:24'),(47,'EMEI HELENA COUTINHO',NULL,'2011-08-28 17:26:24','2011-08-28 17:26:24'),(48,'EMEI IGNÊS COLLINO',NULL,'2011-08-28 17:26:24','2011-08-28 17:26:24'),(49,'EMEI JAPHET FONTES ',NULL,'2011-08-28 17:26:24','2011-08-28 17:26:24'),(50,'EMEI JOSÉ FLÁVIO DE FREITAS, PROFº',NULL,'2011-08-28 17:26:24','2011-08-31 15:31:57'),(51,'EMEI LUZIA MOMI SASSO',NULL,'2011-08-28 17:26:24','2011-08-28 17:26:24'),(52,'EMEI MARIA ALVES DÓRIA, PROFª',NULL,'2011-08-28 17:26:24','2011-08-28 17:26:24'),(53,'EMEI MARIA APARECIDA DE CAMARGO DAMY RODRIGUES, PROFª',NULL,'2011-08-28 17:26:24','2011-08-28 17:26:24'),(54,'EMEI MARIA BERTONI FIORITA, PROFª',NULL,'2011-08-28 17:26:24','2011-08-28 17:26:24'),(55,'EMEI MARIA MADALENA L. B. FREIXEDA',NULL,'2011-08-28 17:26:24','2011-08-28 17:26:24'),(56,'EMEI NAIR BELLACOSA WARZEKA, PROFª',NULL,'2011-08-28 17:26:24','2011-08-28 17:26:24'),(57,'EMEI OMAR OGEDA MARTINS',NULL,'2011-08-28 17:26:24','2011-08-28 17:26:24'),(58,'EMEI OSVALDO GONÇALVES DE CARVALHO',NULL,'2011-08-28 17:26:24','2011-08-28 17:26:24'),(59,'EMEI OSWALDO SALLES NEMER',NULL,'2011-08-28 17:26:24','2011-08-28 17:26:24'),(60,'EMEI PEDRO MARTINO',NULL,'2011-08-28 17:26:24','2011-08-28 17:26:24'),(61,'EMEI PROVIDÊNCIA DOS ANJOS CARREIRA',NULL,'2011-08-28 17:26:24','2011-08-28 17:26:24'),(62,'EMEI SALVADOR SACCO',NULL,'2011-08-28 17:26:24','2011-08-28 17:26:24'),(63,'EMEI SEVERINO DE ARAUJO FREIRE',NULL,'2011-08-28 17:26:24','2011-08-28 17:26:24'),(64,'EMEI SÔNIA MARIA DE ALMEIDA FERNANDES, PROFª',NULL,'2011-08-28 17:26:24','2011-08-28 17:26:24'),(65,'EMEI THEREZA BIANCHI COLLINO',NULL,'2011-08-28 17:26:24','2011-08-28 17:26:24'),(66,'EMEI VIVALDO MARTINS SIMÕES, DR.',NULL,'2011-08-28 17:26:24','2011-08-28 17:26:24'),(67,'EMEI YOLANDA BOTARO VICENTE',NULL,'2011-08-28 17:26:24','2011-08-28 17:26:24'),(68,'EMEF ALFREDO FARHAT, DEPUTADO',NULL,'2011-08-28 17:26:24','2011-08-28 17:26:24'),(69,'EMEF ALICE RABECHINI FERREIRA',NULL,'2011-08-28 17:26:24','2011-08-28 17:26:24'),(70,'EMEF ALÍPIO DA SILVA LAVOURA, PROF°',NULL,'2011-08-28 17:26:24','2011-08-31 15:37:23'),(71,'EMEF ANÉZIO CABRAL, PROF.',NULL,'2011-08-28 17:26:24','2011-08-31 14:10:23'),(72,'EMEF ANTÔNIO DE SAMPAIO, GENERAL',NULL,'2011-08-28 17:26:24','2011-08-31 14:19:28'),(73,'EMEF BENEDICTO WESCHENFELDER',NULL,'2011-08-28 17:26:24','2011-08-28 17:26:24'),(74,'EMEF BENEDITO ALVES TURÍBIO',NULL,'2011-08-28 17:26:24','2011-08-31 14:11:04'),(75,'EMEF BITTENCOURT, MARECHAL',NULL,'2011-08-28 17:26:24','2011-08-28 17:26:24'),(76,'EMEF CECÍLIA CORREA CASTELANI, PROFa',NULL,'2011-08-28 17:26:24','2011-08-31 14:09:50'),(77,'EMEF DOMINGOS BLASCO, MAESTRO',NULL,'2011-08-28 17:26:24','2011-08-28 17:26:24'),(78,'EMEF ELÍDIO MANTOVANI, MONSENHOR',NULL,'2011-08-28 17:26:24','2011-08-31 14:17:57'),(79,'EMEF ELZA DE CARVALHO MELLO BATTISTON, PROFa',NULL,'2011-08-28 17:26:24','2011-08-28 17:26:24'),(80,'EMEF FRANCISCO CAVALCANTI PONTES DE MIRANDA',NULL,'2011-08-28 17:26:24','2011-08-28 17:26:24'),(81,'EMEF FRANCISCO MANUEL LUMBRALES DE SA CARNEIRO, DR.',NULL,'2011-08-28 17:26:24','2011-08-28 17:26:24'),(82,'EMEF GASPAR DA MADRE DE DEUS, FREI',NULL,'2011-08-28 17:26:24','2011-08-28 17:26:24'),(83,'EMEF HUGO RIBEIRO DE ALMEIDA, DR.',NULL,'2011-08-28 17:26:24','2011-08-28 17:26:24'),(84,'EMEF JOÃO CAMPESTRINI, PROF°',NULL,'2011-08-28 17:26:24','2011-08-31 15:29:57'),(85,'EMEIEF JOÃO EUCLYDES PEREIRA, PROFº',0,'2011-08-28 17:26:24','2011-08-31 16:20:41'),(86,'EMEF JOÃO GUIMARÃES ROSA',NULL,'2011-08-28 17:26:24','2011-08-31 14:08:31'),(87,'EMEF JOÃO LARIZZATTI, PROF°',NULL,'2011-08-28 17:26:24','2011-08-31 15:28:49'),(88,'EMEF JOSÉ GROSSI DIAS, PADRE',NULL,'2011-08-28 17:26:24','2011-08-31 14:07:35'),(89,'EMEF JOSÉ MANOEL AYRES, DR.',NULL,'2011-08-28 17:26:24','2011-08-31 14:07:09'),(90,'EMEF JOSÉ MARTINIANO DE ALENCAR',NULL,'2011-08-28 17:26:24','2011-08-31 14:06:35'),(91,'EMEF JOSÉ VERISSIMO DE MATOS',NULL,'2011-08-28 17:26:24','2011-08-31 14:06:10'),(92,'EMEF JOSIAS BAPTISTA, PASTOR',NULL,'2011-08-28 17:26:24','2011-08-28 17:26:24'),(93,'EMEF LAERTE JOSÉ DOS SANTOS, PROF.',NULL,'2011-08-28 17:26:24','2011-08-31 14:20:51'),(94,'EMEF LUCIANO FELÍCIO BIONDO, PROFº',NULL,'2011-08-28 17:26:24','2011-08-31 15:35:50'),(95,'EMEF LUIZ BORTOLOSSO',NULL,'2011-08-28 17:26:24','2011-08-28 17:26:24'),(96,'EMEF MANOEL BARBOSA DE SOUZA, PROFº',NULL,'2011-08-28 17:26:24','2011-08-31 15:27:37'),(97,'EMEF MANOEL TERTULIANO DE CERQUEIRA, PROFº',NULL,'2011-08-28 17:26:24','2011-08-31 15:27:03'),(98,'EMEF MARINA SADDI HAIDAR',NULL,'2011-08-28 17:26:24','2011-08-28 17:26:24'),(99,'EMEF MARINA VON PUTTKAMMER MELLI',NULL,'2011-08-28 17:26:24','2011-08-28 17:26:24'),(100,'EMEF MAX ZENDRON, PROF.',NULL,'2011-08-28 17:26:24','2011-08-28 17:26:24'),(101,'EMEF OLAVO ANTÔNIO BARBOSA SPINOLA , PROFº',NULL,'2011-08-28 17:26:24','2011-08-31 15:29:30'),(102,'EMEF OLINDA MOREIRA LEMES DA CUNHA, PROFª',NULL,'2011-08-28 17:26:24','2011-08-31 15:26:33'),(103,'EMEF ONEIDE BORTOLOTE',NULL,'2011-08-28 17:26:24','2011-08-28 17:26:24'),(104,'EMEF OSCAR PENNACINO',NULL,'2011-08-28 17:26:24','2011-08-31 15:36:32'),(105,'EMEF OSVALDO QUIRINO SIMÕES',NULL,'2011-08-28 17:26:24','2011-08-31 14:04:57'),(106,'EMEF QUINTINO BOCAIÚVA',NULL,'2011-08-28 17:26:24','2011-08-31 14:04:07'),(107,'EMEF RENATO FIÚZA TELES, PROFº',NULL,'2011-08-28 17:26:24','2011-08-31 15:25:51'),(108,'EMEF SAAD BECHARA',NULL,'2011-08-28 17:26:24','2011-08-28 17:26:24'),(109,'EMEF TECLA MERLO, IRMÃ',NULL,'2011-08-28 17:26:24','2011-08-31 14:03:10'),(110,'EMEF TEREZINHA MARTINS PEREIRA, PROFª',NULL,'2011-08-28 17:26:24','2011-08-31 15:26:17'),(111,'EMEF TOBIAS BARRETO DE MENEZES',NULL,'2011-08-28 17:26:24','2011-08-28 17:26:24'),(112,'EMEF VICTOR BRECHERET, ESCULTOR',NULL,'2011-08-28 17:26:24','2011-08-31 16:19:50'),(113,'CEMEI ALBERTO SANTOS DUMONT',NULL,'2011-08-28 17:26:24','2011-08-28 17:26:24'),(114,'CEMEI FORTUNATO ANTIÓRIO',NULL,'2011-08-28 17:26:24','2011-08-28 17:26:24'),(115,'CEMEI JOÃO DE FARIAS',NULL,'2011-08-28 17:26:24','2011-08-28 17:26:24'),(116,'CEMEI JOSÉ ERMÍRIO DE MORAES, SENADOR',NULL,'2011-08-28 17:26:24','2011-08-28 17:26:24'),(117,'CRECHE LEONIL CRÊ BORTOLOSSO',NULL,'2011-08-28 17:26:24','2011-08-28 17:26:24'),(118,'CEMEI LOURDES CÂNDIDA DE FARIA',NULL,'2011-08-28 17:26:24','2011-08-28 17:26:24'),(119,'CEMEI MÁRIO QUINTANA',NULL,'2011-08-28 17:26:24','2011-08-28 17:26:24'),(120,'CEMEI RUBENS BANDEIRA',NULL,'2011-08-28 17:26:24','2011-08-28 17:26:24'),(121,'CEMEI VILMA FOLTRAN PORTELLA',NULL,'2011-08-28 17:26:24','2011-08-28 17:26:24'),(122,'CEMEI ZAÍRA COLLINO ODÁLIA',NULL,'2011-08-28 17:26:24','2011-08-28 17:26:24'),(123,'EMEIEF COLINAS D\'OESTE',NULL,'2011-08-28 17:26:24','2011-08-28 17:26:24'),(124,'EMEIEF ÉLIO APARECIDO DA SILVA',NULL,'2011-08-28 17:26:24','2011-08-28 17:26:24'),(125,'EMEIEF ETIENE SALES CAMPELO, PROFª',NULL,'2011-08-28 17:26:24','2011-08-28 17:26:24'),(126,'EMEIEF MESSIAS GONÇALVES DA SILVA',NULL,'2011-08-28 17:26:24','2011-08-28 17:26:24'),(127,'EMEIEF VALTER DE OLIVEIRA FERREIRA, PROFº',NULL,'2011-08-28 17:26:24','2011-08-31 15:23:41'),(128,'EMEIEF ZULEIKA GONÇALVES MENDES, PROFª',NULL,'2011-08-28 17:26:24','2011-08-28 17:26:24'),(129,'CEU ZONA NORTE (ZILDA ARNS, Drª)',NULL,'2011-08-28 17:26:24','2011-08-28 17:26:24'),(130,'CEMEIEF MARIA JOSÉ FERREIRA FERRAZ, PROFª',NULL,'2011-08-28 17:26:24','2011-08-31 15:24:41'),(131,'CEMEIEF MARIA TARCILLA FORNASARO MELLI',NULL,'2011-08-28 17:26:24','2011-08-28 17:26:24'),(132,'CEMEIEF, DARCY RIBEIRO, PROFº',NULL,'2011-08-28 17:26:24','2011-08-30 21:39:37'),(133,'CEMEI MÁRIO SEBASTIÃO ALVES DE LIMA',NULL,'2011-08-28 17:26:24','2011-08-28 17:26:24'),(134,'DR. EDMUNDO CAMPANHA BURJATO',NULL,'2011-08-28 17:26:24','2011-08-28 17:26:24'),(135,'CENTRO DE PARTICIPAçãO POPULAR DO JARDIM VELOSO',NULL,'2011-09-20 22:03:12','2011-09-20 22:03:12'),(136,'ASSOCIAçãO UNIãO DE MãES DO JARDIM DAS FLORES',NULL,'2011-09-20 22:03:13','2011-09-20 22:03:13'),(137,'ASSOCIAçãO FAçA UMA CRIANçA SORRIR DE OSASCO E REGIãO – NúCLEO I',NULL,'2011-09-20 22:03:13','2011-09-20 22:03:13'),(138,'ASSOCIAçãO FAçA UMA CRIANçA SORRIR DE OSASCO E REGIãO – NúCLEO II ALFACRISO',NULL,'2011-09-20 22:03:13','2011-09-20 22:03:13'),(139,'ASSOCIAçãO DAS MãES DO JARDIM VELOSO',NULL,'2011-09-20 22:03:13','2011-09-20 22:03:13'),(140,'ENTIDADE: ASSOCIAçãO DAS MãES UNIDAS DO NOVO OSASCO – AMUNO I',NULL,'2011-09-20 22:03:13','2011-09-20 22:03:13'),(141,'ASSOCIAçãO DAS MãES UNIDAS DO NOVO OSASCO – AMUNO II',NULL,'2011-09-20 22:03:13','2011-09-20 22:03:13'),(142,'ASSOCIAçãO BENEFICENTE GOTAS DE AMOR',NULL,'2011-09-20 22:03:13','2011-09-20 22:03:13'),(143,'ASSOCIAçãO QUINTAL MáGICO',NULL,'2011-09-20 22:03:13','2011-09-20 22:03:13'),(144,'CENTRO SOCIAL SANTO ANTONIO',NULL,'2011-09-20 22:03:13','2011-09-20 22:03:13'),(145,'ASSOCIAçãO PADRE DOMINGOS BARBé',NULL,'2011-09-20 22:03:13','2011-09-20 22:03:13'),(146,'ASSOCIAçãO DAS MULHERES PELA EDUCAçãO – NúCLEO AVENTURA DO APRENDER',NULL,'2011-09-20 22:03:13','2011-09-20 22:03:13'),(147,'ASSOCIAçãO DAS MULHERES PELA EDUCAçãO – NúCLEO BRILHO DO APRENDER',NULL,'2011-09-20 22:03:13','2011-09-20 22:03:13'),(148,'ASSOCIAçãO DAS MULHERES PELA EDUCAçãO – NúCLEO CASA DO APRENDER',NULL,'2011-09-20 22:03:13','2011-09-20 22:03:13'),(149,'ASSOCIAçãO DAS MULHERES PELA EDUCAçãO – NúCLEO CECíLIA MEIRELES',NULL,'2011-09-20 22:03:13','2011-09-20 22:03:13'),(150,'ASSOCIAçãO DAS MULHERES PELA EDUCAçãO – NúCLEO COMEçANDO APRENDER',NULL,'2011-09-20 22:03:13','2011-09-20 22:03:13'),(151,'ASSOCIAçãO DAS MULHERES PELA EDUCAçãO – NúCLEO MENINO JESUS',NULL,'2011-09-20 22:03:13','2011-09-20 22:03:13'),(152,'ASSOCIAçãO DAS MULHERES PELA EDUCAçãO – NúCLEO RECANTO DO APRENDER',NULL,'2011-09-20 22:03:13','2011-09-20 22:03:13'),(153,'ASSOCIAçãO DAS MULHERES EM DEFESA à CRIANçA HELENA MARIA',NULL,'2011-09-20 22:03:13','2011-09-20 22:03:13'),(154,'ASSOCIAçãO DAS MULHERES EM DEFESA à CRIANçA – TARCILA DO AMARAL',NULL,'2011-09-20 22:03:13','2011-09-20 22:03:13'),(155,'ASSOCIAçãO DE PROTEçãO à MATERNIDADE E à ADOLESCêNCIA (ASPROMATINA) – PADRE DOMINGOS TONINI',NULL,'2011-09-20 22:03:13','2011-09-20 22:03:13'),(156,'ASSOCIAçãO DE PROTEçãO à MATERNIDADE E à ADOLESCêNCIA (ASPROMATINA) – PADRE GUERRINO',NULL,'2011-09-20 22:03:13','2011-09-20 22:03:13'),(157,'ASCC – ASSOCIAçãO SOLIDáRIA CRESCENDO CIDADã I - AçUCARá',NULL,'2011-09-20 22:03:13','2011-09-20 22:03:13'),(158,'ASCC – ASSOCIAçãO SOLIDáRIA CRESCENDO CIDADã II – BELA VISTA',NULL,'2011-09-20 22:03:13','2011-09-20 22:03:13'),(159,'ASSOCIAçãO DE EDUCAçãO POPULAR PIXOTE I',NULL,'2011-09-20 22:03:13','2011-09-20 22:03:13'),(160,'ASSOCIAçãO DE EDUCAçãO POPULAR PIXOTE II',NULL,'2011-09-20 22:03:13','2011-09-20 22:03:13'),(161,'ASSOCIAçãO DE EDUCAçãO POPULAR PIXOTE I',NULL,'2011-09-20 22:03:13','2011-09-20 22:03:13'),(162,'ASSOCIAçãO DE EDUCAçãO POPULAR PIXOTE II',NULL,'2011-09-20 22:03:13','2011-09-20 22:03:13'),(163,'LAR DA CRIANçA EMMANUEL NúCLEO KARDECISTA 21 DE ABRIL',NULL,'2011-09-20 22:03:14','2011-09-20 22:03:14');
/*!40000 ALTER TABLE `schools` ENABLE KEYS */;
UNLOCK TABLES;

--
-- Table structure for table `schools_service_levels`
--

DROP TABLE IF EXISTS `schools_service_levels`;
/*!40101 SET @saved_cs_client     = @@character_set_client */;
/*!40101 SET character_set_client = utf8 */;
CREATE TABLE `schools_service_levels` (
  `service_level_id` int(11) NOT NULL,
  `school_id` int(11) NOT NULL
) ENGINE=InnoDB DEFAULT CHARSET=utf8 COLLATE=utf8_unicode_ci;
/*!40101 SET character_set_client = @saved_cs_client */;

--
-- Dumping data for table `schools_service_levels`
--

LOCK TABLES `schools_service_levels` WRITE;
/*!40000 ALTER TABLE `schools_service_levels` DISABLE KEYS */;
INSERT INTO `schools_service_levels` VALUES (1,1),(1,2),(1,3),(1,4),(1,5),(1,6),(1,7),(1,8),(1,9),(1,10),(1,11),(1,12),(1,13),(1,14),(1,15),(1,16),(1,17),(1,18),(1,19),(1,20),(1,21),(1,22),(1,23),(1,24),(1,25),(1,26),(1,27),(1,28),(1,29),(1,30),(1,31),(2,32),(2,33),(2,34),(2,35),(2,36),(2,37),(2,38),(2,39),(2,40),(2,41),(2,42),(2,43),(2,44),(2,45),(2,46),(2,47),(2,48),(2,49),(2,50),(2,51),(2,52),(2,53),(2,54),(2,55),(2,56),(2,57),(2,58),(2,59),(2,60),(2,61),(2,62),(2,63),(2,64),(2,65),(2,66),(2,67),(3,68),(4,68),(3,69),(4,69),(3,70),(4,70),(3,71),(4,71),(3,72),(4,72),(3,73),(4,73),(3,74),(4,74),(3,75),(4,75),(3,76),(3,77),(3,78),(4,78),(3,79),(3,80),(4,80),(3,81),(3,82),(4,82),(3,83),(4,83),(3,84),(4,84),(3,85),(3,86),(3,87),(4,87),(3,88),(3,89),(3,90),(4,90),(3,91),(3,92),(4,92),(3,93),(3,94),(3,95),(4,95),(3,96),(4,96),(3,97),(4,97),(3,98),(4,98),(3,99),(4,99),(3,100),(3,101),(3,102),(4,102),(3,103),(4,103),(3,104),(4,104),(3,105),(4,105),(3,106),(4,106),(3,107),(4,107),(3,108),(4,108),(3,109),(4,109),(3,110),(4,110),(3,111),(4,111),(3,112),(4,112),(1,113),(2,113),(1,114),(2,114),(1,115),(2,115),(1,116),(2,116),(1,118),(2,118),(1,119),(2,119),(1,120),(2,120),(1,121),(2,121),(4,121),(1,122),(2,122),(2,123),(3,123),(4,123),(2,124),(3,124),(4,124),(2,125),(3,125),(4,125),(2,126),(3,126),(4,126),(2,127),(3,127),(4,127),(2,128),(3,128),(4,128),(1,129),(2,129),(3,129),(4,129),(1,130),(2,130),(3,130),(1,131),(2,131),(3,131),(1,132),(2,132),(3,132),(5,134),(1,46),(2,85),(1,117),(1,133),(2,133),(6,135),(6,136),(6,137),(6,138),(6,139),(6,140),(6,141),(6,142),(6,143),(6,144),(6,145),(6,146),(6,147),(6,148),(6,149),(6,150),(6,151),(6,152),(6,153),(6,154),(6,155),(6,156),(6,157),(6,158),(6,159),(6,160),(6,161),(6,162),(6,163);
/*!40000 ALTER TABLE `schools_service_levels` ENABLE KEYS */;
UNLOCK TABLES;

--
-- Table structure for table `segments`
--

DROP TABLE IF EXISTS `segments`;
/*!40101 SET @saved_cs_client     = @@character_set_client */;
/*!40101 SET character_set_client = utf8 */;
CREATE TABLE `segments` (
  `id` int(11) NOT NULL AUTO_INCREMENT,
  `name` varchar(255) COLLATE utf8_unicode_ci DEFAULT NULL,
  `service_level_id` int(11) DEFAULT NULL,
  `created_at` datetime DEFAULT NULL,
  `updated_at` datetime DEFAULT NULL,
  PRIMARY KEY (`id`)
) ENGINE=InnoDB AUTO_INCREMENT=26 DEFAULT CHARSET=utf8 COLLATE=utf8_unicode_ci;
/*!40101 SET character_set_client = @saved_cs_client */;

--
-- Dumping data for table `segments`
--

LOCK TABLES `segments` WRITE;
/*!40000 ALTER TABLE `segments` DISABLE KEYS */;
INSERT INTO `segments` VALUES (1,'Familiares',1,'2011-08-28 17:26:24','2011-08-28 17:26:24'),(2,'Funcionários',1,'2011-08-28 17:26:24','2011-08-28 17:26:24'),(3,'Professores',1,'2011-08-28 17:26:24','2011-08-28 17:26:24'),(4,'Gestores',1,'2011-08-28 17:26:24','2011-08-28 17:26:24'),(5,'Familiares',2,'2011-08-28 17:26:24','2011-08-28 17:26:24'),(6,'Funcionários',2,'2011-08-28 17:26:24','2011-08-28 17:26:24'),(7,'Professores',2,'2011-08-28 17:26:24','2011-08-28 17:26:24'),(8,'Gestores',2,'2011-08-28 17:26:24','2011-08-28 17:26:24'),(9,'Educandos',3,'2011-08-28 17:26:24','2011-08-28 17:26:24'),(10,'Familiares',3,'2011-08-28 17:26:24','2011-08-28 17:26:24'),(11,'Funcionários',3,'2011-08-28 17:26:24','2011-08-28 17:26:24'),(12,'Professores',3,'2011-08-28 17:26:24','2011-08-28 17:26:24'),(13,'Gestores',3,'2011-08-28 17:26:24','2011-08-28 17:26:24'),(14,'Educandos',4,'2011-08-28 17:26:24','2011-08-28 17:26:24'),(15,'Funcionários',4,'2011-08-28 17:26:24','2011-08-28 17:26:24'),(16,'Gestores',4,'2011-08-28 17:26:24','2011-08-28 17:26:24'),(17,'Professores',4,'2011-08-28 17:26:24','2011-08-28 17:26:24'),(18,'Trabalhadores',5,'2011-08-28 17:26:24','2011-08-28 17:26:24'),(19,'Gestores',5,'2011-08-28 17:26:24','2011-08-28 17:26:24'),(20,'Familiares',5,'2011-08-28 17:26:24','2011-08-28 17:26:24'),(21,'Gestores',6,'2011-09-20 22:03:48','2011-09-20 22:03:48'),(22,'Coordenadores pedagógicos',6,'2011-09-20 22:03:48','2011-09-20 22:03:48'),(23,'Professores',6,'2011-09-20 22:03:48','2011-09-20 22:03:48'),(24,'Funcionários de apoio',6,'2011-09-20 22:03:48','2011-09-20 22:03:48'),(25,'Familiares',6,'2011-09-20 22:03:48','2011-09-20 22:03:48');
/*!40000 ALTER TABLE `segments` ENABLE KEYS */;
UNLOCK TABLES;

--
-- Table structure for table `service_levels`
--

DROP TABLE IF EXISTS `service_levels`;
/*!40101 SET @saved_cs_client     = @@character_set_client */;
/*!40101 SET character_set_client = utf8 */;
CREATE TABLE `service_levels` (
  `id` int(11) NOT NULL AUTO_INCREMENT,
  `name` varchar(255) COLLATE utf8_unicode_ci DEFAULT NULL,
  `created_at` datetime DEFAULT NULL,
  `updated_at` datetime DEFAULT NULL,
  PRIMARY KEY (`id`)
) ENGINE=InnoDB AUTO_INCREMENT=7 DEFAULT CHARSET=utf8 COLLATE=utf8_unicode_ci;
/*!40101 SET character_set_client = @saved_cs_client */;

--
-- Dumping data for table `service_levels`
--

LOCK TABLES `service_levels` WRITE;
/*!40000 ALTER TABLE `service_levels` DISABLE KEYS */;
INSERT INTO `service_levels` VALUES (1,'CRECHE','2011-08-28 17:26:23','2011-08-28 17:26:23'),(2,'EMEI','2011-08-28 17:26:24','2011-08-28 17:26:24'),(3,'EMEF','2011-08-28 17:26:24','2011-08-28 17:26:24'),(4,'EJA','2011-08-28 17:26:24','2011-08-28 17:26:24'),(5,'BURJATO','2011-08-28 17:26:24','2011-08-28 17:26:24'),(6,'CRECHE CONVENIADA','2011-09-20 21:59:47','2011-09-20 21:59:47');
/*!40000 ALTER TABLE `service_levels` ENABLE KEYS */;
UNLOCK TABLES;
/*!40103 SET TIME_ZONE=@OLD_TIME_ZONE */;

/*!40101 SET SQL_MODE=@OLD_SQL_MODE */;
/*!40014 SET FOREIGN_KEY_CHECKS=@OLD_FOREIGN_KEY_CHECKS */;
/*!40014 SET UNIQUE_CHECKS=@OLD_UNIQUE_CHECKS */;
/*!40101 SET CHARACTER_SET_CLIENT=@OLD_CHARACTER_SET_CLIENT */;
/*!40101 SET CHARACTER_SET_RESULTS=@OLD_CHARACTER_SET_RESULTS */;
/*!40101 SET COLLATION_CONNECTION=@OLD_COLLATION_CONNECTION */;
/*!40111 SET SQL_NOTES=@OLD_SQL_NOTES */;

-- Dump completed on 2011-09-20 19:43:46
